passengerid,survived,pclass,name,sex,age,sibsp,parch,fare,embarked,familysize,isalone,no_fare,title,fare_category,small_f,med_f,large_f
1,0.0,3,155,1,22.0,1,0,7.25,2,2,0,0,3,1,1,0,0
2,1.0,1,286,0,38.0,1,0,71.2833,0,2,0,0,4,4,1,0,0
3,1.0,3,520,0,26.0,0,0,7.925,2,1,1,0,2,2,0,0,0
4,1.0,1,419,0,35.0,1,0,53.1,2,2,0,0,4,4,1,0,0
5,0.0,3,22,1,35.0,0,0,8.05,2,1,1,0,3,2,0,0,0
6,0.0,3,815,1,28.0,0,0,8.4583,1,1,1,0,3,2,0,0,0
7,0.0,1,764,1,54.0,0,0,51.8625,2,1,1,0,3,4,0,0,0
8,0.0,3,911,1,2.0,3,1,21.075,2,5,0,0,0,3,0,0,1
9,1.0,3,602,0,27.0,0,2,11.1333,2,3,0,0,4,2,0,1,0
10,1.0,2,844,0,14.0,1,0,30.0708,0,2,0,0,4,3,1,0,0
11,1.0,3,1057,0,4.0,1,1,16.7,2,3,0,0,2,3,0,1,0
12,1.0,1,133,0,58.0,0,0,26.55,2,1,1,0,2,3,0,0,0
13,0.0,3,1060,1,20.0,0,0,8.05,2,1,1,0,3,2,0,0,0
14,0.0,3,38,1,39.0,1,5,31.275,2,7,0,0,3,4,0,0,1
15,0.0,3,1211,0,14.0,0,0,7.8542,2,1,1,0,2,1,0,0,0
16,1.0,2,530,0,55.0,0,0,16.0,2,1,1,0,4,3,0,0,0
17,0.0,3,992,1,2.0,4,1,29.125,1,6,0,0,0,3,0,0,1
18,1.0,2,1261,1,28.0,0,0,13.0,2,1,1,0,3,2,0,0,0
19,0.0,3,1207,0,31.0,1,0,18.0,2,2,0,0,4,3,1,0,0
20,1.0,3,757,0,28.0,0,0,7.225,0,1,1,0,4,1,0,0,0
21,0.0,2,420,1,35.0,0,0,26.0,2,1,1,0,3,3,0,0,0
22,1.0,2,112,1,34.0,0,0,13.0,2,1,1,0,3,2,0,0,0
23,1.0,3,775,0,15.0,0,0,8.0292,1,1,1,0,2,2,0,0,0
24,1.0,1,1101,1,28.0,0,0,35.5,2,1,1,0,3,4,0,0,0
25,0.0,3,914,0,8.0,3,1,21.075,2,5,0,0,2,3,0,0,1
26,1.0,3,64,0,38.0,1,5,31.3875,2,7,0,0,4,4,0,0,1
27,0.0,3,371,1,28.0,0,0,7.225,0,1,1,0,3,1,0,0,0
29,1.0,3,882,0,28.0,0,0,7.8792,1,1,1,0,2,1,0,0,0
30,0.0,3,1176,1,28.0,0,0,7.8958,2,1,1,0,3,1,0,0,0
31,0.0,1,1195,1,40.0,0,0,27.7208,0,1,1,0,1,3,0,0,0
32,1.0,1,1121,0,28.0,1,0,146.5208,0,2,0,0,4,4,1,0,0
33,1.0,3,443,0,28.0,0,0,7.75,1,1,1,0,2,1,0,0,0
34,0.0,2,1241,1,66.0,0,0,10.5,2,1,1,0,3,2,0,0,0
35,0.0,1,790,1,28.0,1,0,82.1708,0,2,0,0,3,4,1,0,0
36,0.0,1,551,1,42.0,1,0,52.0,2,2,0,0,3,4,1,0,0
37,1.0,3,747,1,28.0,0,0,7.2292,0,1,1,0,3,1,0,0,0
38,0.0,3,194,1,21.0,0,0,8.05,2,1,1,0,3,2,0,0,0
39,0.0,3,1204,0,18.0,2,0,18.0,2,3,0,0,2,3,0,1,0
40,1.0,3,859,0,14.0,1,0,11.2417,0,2,0,0,2,2,1,0,0
41,0.0,3,12,0,40.0,1,0,9.475,2,2,0,0,4,2,1,0,0
42,0.0,2,1194,0,27.0,1,0,21.0,2,2,0,0,4,3,1,0,0
43,0.0,3,659,1,28.0,0,0,7.8958,0,1,1,0,3,1,0,0,0
44,1.0,2,675,0,3.0,1,2,41.5792,0,4,0,0,2,4,0,1,0
45,1.0,3,325,0,19.0,0,0,7.8792,1,1,1,0,2,1,0,0,0
46,0.0,3,1012,1,28.0,0,0,8.05,2,1,1,0,3,2,0,0,0
47,0.0,3,695,1,28.0,1,0,15.5,1,2,0,0,3,3,1,0,0
48,1.0,3,881,0,28.0,0,0,7.75,1,1,1,0,2,1,0,0,0
49,0.0,3,1055,1,28.0,2,0,21.6792,0,3,0,0,3,3,0,1,0
50,0.0,3,52,0,18.0,1,0,17.8,2,2,0,0,4,3,1,0,0
51,0.0,3,917,1,7.0,4,1,39.6875,2,6,0,0,0,4,0,0,1
52,0.0,3,868,1,21.0,0,0,7.8,2,1,1,0,3,1,0,0,0
53,1.0,1,497,0,49.0,1,0,76.7292,0,2,0,0,4,4,1,0,0
54,1.0,2,381,0,29.0,1,0,26.0,2,2,0,0,4,3,1,0,0
55,0.0,1,904,1,65.0,0,1,61.9792,0,2,0,0,3,4,1,0,0
56,1.0,1,1271,1,28.0,0,0,35.5,2,1,1,0,3,4,0,0,0
57,1.0,2,1028,0,21.0,0,0,10.5,2,1,1,0,2,2,0,0,0
58,0.0,3,870,1,28.5,0,0,7.2292,0,1,1,0,3,1,0,0,0
59,1.0,2,1237,0,5.0,1,2,27.75,2,4,0,0,2,3,0,1,0
60,0.0,3,454,1,11.0,5,2,46.9,2,8,0,0,0,4,0,0,1
61,0.0,3,1085,1,22.0,0,0,7.2292,0,1,1,0,3,1,0,0,0
62,1.0,1,568,0,38.0,0,0,80.0,2,1,1,0,2,4,0,0,0
63,0.0,1,501,1,45.0,1,0,83.475,2,2,0,0,3,4,1,0,0
64,0.0,3,1091,1,4.0,3,2,27.9,2,6,0,0,0,3,0,0,1
65,0.0,1,1133,1,28.0,0,0,27.7208,0,1,1,0,3,3,0,0,0
66,1.0,3,821,1,28.0,1,1,15.2458,0,3,0,0,0,3,0,1,0
67,1.0,2,871,0,29.0,0,0,10.5,2,1,1,0,4,2,0,0,0
68,0.0,3,278,1,19.0,0,0,8.1583,2,1,1,0,3,2,0,0,0
69,1.0,3,34,0,17.0,4,2,7.925,2,7,0,0,2,2,0,0,1
70,0.0,3,649,1,26.0,2,0,8.6625,2,3,0,0,3,2,0,1,0
71,0.0,2,584,1,32.0,0,0,10.5,2,1,1,0,3,2,0,0,0
72,0.0,3,456,0,16.0,5,2,46.9,2,8,0,0,2,4,0,0,1
73,0.0,2,555,1,21.0,0,0,73.5,2,1,1,0,3,4,0,0,0
74,0.0,3,236,1,26.0,1,0,14.4542,0,2,0,0,3,2,1,0,0
75,1.0,3,121,1,32.0,0,0,56.4958,2,1,1,0,3,4,0,0,0
76,0.0,3,806,1,25.0,0,0,7.65,2,1,1,0,3,1,0,0,0
77,0.0,3,1124,1,28.0,0,0,7.8958,2,1,1,0,3,1,0,0,0
78,0.0,3,825,1,28.0,0,0,8.05,2,1,1,0,3,2,0,0,0
79,1.0,2,184,1,0.83,0,2,29.0,2,3,0,0,0,3,0,1,0
80,1.0,3,343,0,30.0,0,0,12.475,2,1,1,0,2,2,0,0,0
81,0.0,3,1213,1,22.0,0,0,9.0,2,1,1,0,3,2,0,0,0
82,1.0,3,1071,1,29.0,0,0,9.5,2,1,1,0,3,2,0,0,0
83,1.0,3,771,0,28.0,0,0,7.7875,1,1,1,0,2,1,0,0,0
84,0.0,1,205,1,28.0,0,0,47.1,2,1,1,0,3,4,0,0,0
85,1.0,2,569,0,17.0,0,0,10.5,2,1,1,0,2,2,0,0,0
86,1.0,3,77,0,33.0,3,0,15.85,2,4,0,0,4,3,0,1,0
87,0.0,3,398,1,16.0,1,3,34.375,2,5,0,0,3,4,0,0,1
88,0.0,3,1100,1,28.0,0,0,8.05,2,1,1,0,3,2,0,0,0
90,0.0,3,218,1,24.0,0,0,8.05,2,1,1,0,3,2,0,0,0
91,0.0,3,233,1,29.0,0,0,8.05,2,1,1,0,3,2,0,0,0
92,0.0,3,42,1,20.0,0,0,7.8542,2,1,1,0,3,1,0,0,0
93,0.0,1,219,1,46.0,1,0,61.175,2,2,0,0,3,4,1,0,0
94,0.0,3,317,1,26.0,1,2,20.575,2,4,0,0,3,3,0,1,0
95,0.0,3,276,1,59.0,0,0,7.25,2,1,1,0,3,1,0,0,0
96,0.0,3,1075,1,28.0,0,0,8.05,2,1,1,0,3,2,0,0,0
97,0.0,1,446,1,71.0,0,0,34.6542,0,1,1,0,3,4,0,0,0
98,1.0,1,466,1,23.0,0,1,63.3583,0,2,0,0,3,4,1,0,0
99,1.0,2,337,0,34.0,0,1,23.0,2,2,0,0,4,3,1,0,0
100,0.0,2,617,1,34.0,1,0,26.0,2,2,0,0,3,3,1,0,0
101,0.0,3,955,0,28.0,0,0,7.8958,2,1,1,0,2,1,0,0,0
102,0.0,3,957,1,28.0,0,0,7.8958,2,1,1,0,3,1,0,0,0
103,0.0,1,1244,1,21.0,0,1,77.2875,2,2,0,0,3,4,1,0,0
104,0.0,3,594,1,33.0,0,0,8.6542,2,1,1,0,3,2,0,0,0
105,0.0,3,472,1,37.0,2,0,7.925,2,3,0,0,3,2,0,1,0
106,0.0,3,801,1,28.0,0,0,7.8958,2,1,1,0,3,1,0,0,0
107,1.0,3,1050,0,21.0,0,0,7.65,2,1,1,0,2,1,0,0,0
108,1.0,3,820,1,28.0,0,0,7.775,2,1,1,0,3,1,0,0,0
109,0.0,3,982,1,38.0,0,0,7.8958,2,1,1,0,3,1,0,0,0
110,1.0,3,813,0,28.0,1,0,24.15,1,2,0,0,2,3,1,0,0
111,0.0,1,971,1,47.0,0,0,52.0,2,1,1,0,3,4,0,0,0
112,0.0,3,1281,0,14.5,1,0,14.4542,0,2,0,0,2,2,1,0,0
113,0.0,3,95,1,22.0,0,0,8.05,2,1,1,0,3,2,0,0,0
114,0.0,3,612,0,20.0,1,0,9.825,2,2,0,0,2,2,1,0,0
115,0.0,3,70,0,17.0,0,0,14.4583,0,1,1,0,2,2,0,0,0
116,0.0,3,940,1,21.0,0,0,7.925,2,1,1,0,3,2,0,0,0
117,0.0,3,262,1,70.5,0,0,7.75,1,1,1,0,3,1,0,0,0
118,0.0,2,1193,1,29.0,1,0,21.0,2,2,0,0,3,3,1,0,0
119,0.0,1,98,1,24.0,0,1,247.5208,0,2,0,0,3,4,1,0,0
120,0.0,3,33,0,2.0,4,2,31.275,2,7,0,0,2,4,0,0,1
121,0.0,2,533,1,21.0,2,0,73.5,2,3,0,0,3,4,0,1,0
122,0.0,3,812,1,28.0,0,0,8.05,2,1,1,0,3,2,0,0,0
123,0.0,2,843,1,32.5,1,0,30.0708,0,2,0,0,3,3,1,0,0
124,1.0,2,1227,0,32.5,0,0,13.0,2,1,1,0,2,2,0,0,0
125,0.0,1,1243,1,54.0,0,1,77.2875,2,2,0,0,3,4,1,0,0
126,1.0,3,858,1,12.0,1,0,11.2417,0,2,0,0,0,2,1,0,0
127,0.0,3,778,1,28.0,0,0,7.75,1,1,1,0,3,1,0,0,0
128,1.0,3,735,1,24.0,0,0,7.1417,2,1,1,0,3,1,0,0,0
129,1.0,3,951,0,28.0,1,1,22.3583,0,3,0,0,2,3,0,1,0
130,0.0,3,364,1,45.0,0,0,6.975,2,1,1,0,3,1,0,0,0
131,0.0,3,347,1,33.0,0,0,7.8958,0,1,1,0,3,1,0,0,0
132,0.0,3,244,1,20.0,0,0,7.05,2,1,1,0,3,1,0,0,0
133,0.0,3,1009,0,47.0,1,0,14.5,2,2,0,0,4,2,1,0,0
134,1.0,2,1231,0,29.0,1,0,26.0,2,2,0,0,4,3,1,0,0
135,0.0,2,1113,1,25.0,0,0,13.0,2,1,1,0,3,2,0,0,0
136,0.0,2,995,1,23.0,0,0,15.0458,0,1,1,0,3,3,0,0,0
137,1.0,1,855,0,19.0,0,2,26.2833,2,3,0,0,2,3,0,1,0
138,0.0,1,418,1,37.0,1,0,53.1,2,2,0,0,3,4,1,0,0
139,0.0,3,901,1,16.0,0,0,9.2167,2,1,1,0,3,2,0,0,0
140,0.0,1,433,1,24.0,0,0,79.2,0,1,1,0,3,4,0,0,0
141,0.0,3,140,0,28.0,0,2,15.2458,0,3,0,0,4,3,0,1,0
142,1.0,3,872,0,22.0,0,0,7.75,2,1,1,0,2,1,0,0,0
143,1.0,3,480,0,24.0,1,0,15.85,2,2,0,0,4,3,1,0,0
144,0.0,3,170,1,19.0,0,0,6.75,1,1,1,0,3,1,0,0,0
145,0.0,2,43,1,18.0,0,0,11.5,2,1,1,0,3,2,0,0,0
146,0.0,2,856,1,19.0,1,1,36.75,2,3,0,0,3,4,0,1,0
147,1.0,3,39,1,27.0,0,0,7.7958,2,1,1,0,3,1,0,0,0
148,0.0,3,395,0,9.0,2,2,34.375,2,5,0,0,2,4,0,0,1
149,0.0,2,849,1,36.5,0,2,26.0,2,3,0,0,3,3,0,1,0
150,0.0,2,176,1,42.0,0,0,13.0,2,1,1,0,1,2,0,0,0
151,0.0,2,96,1,51.0,0,0,12.525,2,1,1,0,1,2,0,0,0
152,1.0,1,937,0,22.0,1,0,66.6,2,2,0,0,4,4,1,0,0
153,0.0,3,787,1,55.5,0,0,8.05,2,1,1,0,3,2,0,0,0
154,0.0,3,1295,1,40.5,0,2,14.5,2,3,0,0,3,2,0,1,0
155,0.0,3,892,1,28.0,0,0,7.3125,2,1,1,0,3,1,0,0,0
156,0.0,1,1260,1,51.0,0,1,61.3792,0,2,0,0,3,4,1,0,0
157,1.0,3,441,0,16.0,0,0,7.7333,1,1,1,0,2,1,0,0,0
158,0.0,3,270,1,30.0,0,0,8.05,2,1,1,0,3,2,0,0,0
159,0.0,3,1103,1,28.0,0,0,8.6625,2,1,1,0,3,2,0,0,0
161,0.0,3,280,1,44.0,0,1,16.1,2,2,0,0,3,3,1,0,0
162,1.0,2,1226,0,40.0,0,0,15.75,2,1,1,0,4,3,0,0,0
163,0.0,3,114,1,26.0,0,0,7.775,2,1,1,0,3,1,0,0,0
164,0.0,3,187,1,17.0,0,0,8.6625,2,1,1,0,3,2,0,0,0
165,0.0,3,916,1,1.0,4,1,39.6875,2,6,0,0,0,4,0,0,1
166,1.0,3,447,1,9.0,0,2,20.525,2,3,0,0,0,3,0,1,0
167,1.0,1,230,0,28.0,0,1,55.0,2,2,0,0,4,4,1,0,0
168,0.0,3,1096,0,45.0,1,4,27.9,2,6,0,0,4,3,0,0,1
169,0.0,1,97,1,28.0,0,0,25.925,2,1,1,0,3,3,0,0,0
170,0.0,3,713,1,28.0,0,0,56.4958,2,1,1,0,3,4,0,0,0
171,0.0,1,1199,1,61.0,0,0,33.5,2,1,1,0,3,4,0,0,0
172,0.0,3,990,1,4.0,4,1,29.125,1,6,0,0,0,3,0,0,1
173,1.0,3,598,0,1.0,1,1,11.1333,2,3,0,0,2,2,0,1,0
174,0.0,3,1088,1,21.0,0,0,7.925,2,1,1,0,3,2,0,0,0
175,0.0,1,1105,1,56.0,0,0,30.6958,0,1,1,0,3,3,0,0,0
176,0.0,3,656,1,18.0,1,1,7.8542,2,3,0,0,3,1,0,1,0
177,0.0,3,684,1,28.0,3,1,25.4667,2,5,0,0,0,3,0,0,1
178,0.0,1,573,0,50.0,0,0,28.7125,0,1,1,0,2,3,0,0,0
179,0.0,2,481,1,30.0,0,0,13.0,2,1,1,0,3,2,0,0,0
180,0.0,3,696,1,36.0,0,0,0.0,2,1,1,1,3,1,0,0,0
182,0.0,2,946,1,28.0,0,0,15.05,0,1,1,0,3,3,0,0,0
183,0.0,3,58,1,9.0,4,2,31.3875,2,7,0,0,0,4,0,0,1
184,1.0,2,106,1,1.0,2,1,39.0,2,4,0,0,0,4,0,1,0
185,1.0,3,650,0,4.0,0,2,22.025,2,3,0,0,2,3,0,1,0
186,0.0,1,1015,1,28.0,0,0,50.0,2,1,1,0,3,4,0,0,0
187,1.0,3,876,0,28.0,1,0,15.5,1,2,0,0,4,3,1,0,0
188,1.0,1,1013,1,45.0,0,0,26.55,2,1,1,0,3,3,0,0,0
189,0.0,3,142,1,40.0,1,1,15.5,1,3,0,0,3,3,0,1,0
190,0.0,3,1190,1,36.0,0,0,7.8958,2,1,1,0,3,1,0,0,0
191,1.0,2,965,0,32.0,0,0,13.0,2,1,1,0,4,2,0,0,0
192,0.0,2,197,1,19.0,0,0,13.0,2,1,1,0,3,2,0,0,0
193,1.0,3,29,0,19.0,1,0,7.8542,2,2,0,0,2,1,1,0,0
194,1.0,2,848,1,3.0,1,1,26.0,2,3,0,0,0,3,0,1,0
195,1.0,1,162,0,44.0,0,0,27.7208,0,1,1,0,4,3,0,0,0
196,1.0,1,729,0,58.0,0,0,146.5208,0,1,1,0,2,4,0,0,0
197,0.0,3,788,1,28.0,0,0,7.75,1,1,1,0,3,1,0,0,0
198,0.0,3,891,1,42.0,0,1,8.4042,2,2,0,0,3,2,1,0,0
199,1.0,3,733,0,28.0,0,0,7.75,1,1,1,0,2,1,0,0,0
200,0.0,2,1280,0,24.0,0,0,13.0,2,1,1,0,2,2,0,0,0
201,0.0,3,1201,1,28.0,0,0,9.5,2,1,1,0,3,2,0,0,0
203,0.0,3,591,1,34.0,0,0,6.4958,2,1,1,0,3,1,0,0,0
204,0.0,3,1277,1,45.5,0,0,7.225,0,1,1,0,3,1,0,0,0
205,1.0,3,245,1,18.0,0,0,8.05,2,1,1,0,3,2,0,0,0
206,0.0,3,1143,0,2.0,0,1,10.4625,2,2,0,0,2,2,1,0,0
207,0.0,3,76,1,32.0,1,0,15.85,2,2,0,0,3,3,1,0,0
208,1.0,3,15,1,26.0,0,0,18.7875,0,1,1,0,3,3,0,0,0
209,1.0,3,203,0,16.0,0,0,7.75,1,1,1,0,2,1,0,0,0
210,1.0,1,131,1,40.0,0,0,31.0,0,1,1,0,3,3,0,0,0
211,0.0,3,19,1,24.0,0,0,7.05,2,1,1,0,3,1,0,0,0
212,1.0,2,189,0,35.0,0,0,21.0,2,1,1,0,2,3,0,0,0
213,0.0,3,945,1,22.0,0,0,7.25,2,1,1,0,3,1,0,0,0
214,0.0,2,442,1,30.0,0,0,13.0,2,1,1,0,3,2,0,0,0
215,0.0,3,644,1,28.0,1,0,7.75,1,2,0,0,3,1,1,0,0
216,1.0,1,852,0,31.0,1,0,113.275,0,2,0,0,2,4,1,0,0
217,1.0,3,554,0,27.0,0,0,7.925,2,1,1,0,2,2,0,0,0
218,0.0,2,576,1,42.0,1,0,27.0,2,2,0,0,3,3,1,0,0
219,1.0,1,100,0,32.0,0,0,76.2917,0,1,1,0,2,4,0,0,0
220,0.0,2,502,1,30.0,0,0,10.5,2,1,1,0,3,2,0,0,0
221,1.0,3,1145,1,16.0,0,0,8.05,2,1,1,0,3,2,0,0,0
222,0.0,2,148,1,27.0,0,0,13.0,2,1,1,0,3,2,0,0,0
223,0.0,3,464,1,51.0,0,0,8.05,2,1,1,0,3,2,0,0,0
224,0.0,3,850,1,28.0,0,0,7.8958,2,1,1,0,3,1,0,0,0
225,1.0,1,561,1,38.0,1,0,90.0,2,2,0,0,3,4,1,0,0
226,0.0,3,116,1,22.0,0,0,9.35,2,1,1,0,3,2,0,0,0
227,1.0,2,786,1,19.0,0,0,10.5,2,1,1,0,3,2,0,0,0
228,0.0,3,724,1,20.5,0,0,7.25,2,1,1,0,3,1,0,0,0
229,0.0,2,377,1,18.0,0,0,13.0,2,1,1,0,3,2,0,0,0
230,0.0,3,687,0,28.0,3,1,25.4667,2,5,0,0,2,3,0,0,1
231,1.0,1,503,0,35.0,1,0,83.475,2,2,0,0,4,4,1,0,0
232,0.0,3,679,1,29.0,0,0,7.775,2,1,1,0,3,1,0,0,0
233,0.0,2,1090,1,59.0,0,0,13.5,2,1,1,0,3,2,0,0,0
234,1.0,3,61,0,5.0,4,2,31.3875,2,7,0,0,2,4,0,0,1
235,0.0,2,701,1,24.0,0,0,10.5,2,1,1,0,3,2,0,0,0
236,0.0,3,493,0,28.0,0,0,7.55,2,1,1,0,2,1,0,0,0
237,0.0,2,547,1,44.0,1,0,26.0,2,2,0,0,3,3,1,0,0
238,1.0,2,253,0,8.0,0,2,26.25,2,3,0,0,2,3,0,1,0
239,0.0,2,944,1,19.0,0,0,10.5,2,1,1,0,3,2,0,0,0
240,0.0,2,565,1,33.0,0,0,12.275,2,1,1,0,3,2,0,0,0
241,0.0,3,1282,0,28.0,1,0,14.4542,0,2,0,0,2,2,1,0,0
242,1.0,3,830,0,28.0,1,0,15.5,1,2,0,0,2,3,1,0,0
243,0.0,2,249,1,29.0,0,0,10.5,2,1,1,0,3,2,0,0,0
244,0.0,3,736,1,22.0,0,0,7.125,2,1,1,0,3,1,0,0,0
245,0.0,3,71,1,30.0,0,0,7.225,0,1,1,0,3,1,0,0,0
246,0.0,1,796,1,44.0,2,0,90.0,1,3,0,0,1,4,0,1,0
247,0.0,3,703,0,25.0,0,0,7.775,2,1,1,0,2,1,0,0,0
248,1.0,2,483,0,24.0,0,2,14.5,2,3,0,0,4,2,0,1,0
249,1.0,1,110,1,37.0,1,1,52.5542,2,3,0,0,3,4,0,1,0
250,0.0,2,212,1,54.0,1,0,26.0,2,2,0,0,1,3,1,0,0
251,0.0,3,980,1,28.0,0,0,7.25,2,1,1,0,3,1,0,0,0
252,0.0,3,1144,0,29.0,1,1,10.4625,2,3,0,0,4,2,0,1,0
253,0.0,1,1129,1,62.0,0,0,26.55,2,1,1,0,3,3,0,0,0
254,0.0,3,716,1,30.0,1,0,16.1,2,2,0,0,3,3,1,0,0
255,0.0,3,1018,0,41.0,0,2,20.2125,2,3,0,0,4,3,0,1,0
256,1.0,3,1185,0,29.0,0,2,15.2458,0,3,0,0,4,3,0,1,0
257,1.0,1,1171,0,28.0,0,0,79.2,0,1,1,0,4,4,0,0,0
258,1.0,1,228,0,30.0,0,0,86.5,2,1,1,0,2,4,0,0,0
259,1.0,1,1216,0,35.0,0,0,512.3292,0,1,1,0,2,4,0,0,0
260,1.0,2,925,0,50.0,0,1,26.0,2,2,0,0,4,3,1,0,0
261,0.0,3,1108,1,28.0,0,0,7.75,1,1,1,0,3,1,0,0,0
262,1.0,3,59,1,3.0,4,2,31.3875,2,7,0,0,0,4,0,0,1
263,0.0,1,1156,1,52.0,1,1,79.65,2,3,0,0,3,4,0,1,0
264,0.0,1,504,1,40.0,0,0,0.0,2,1,1,1,3,1,0,0,0
265,0.0,3,525,0,28.0,0,0,7.75,1,1,1,0,2,1,0,0,0
266,0.0,2,981,1,36.0,0,0,10.5,2,1,1,0,3,2,0,0,0
267,0.0,3,919,1,16.0,4,1,39.6875,2,6,0,0,3,4,0,0,1
268,1.0,3,948,1,25.0,1,0,7.775,2,2,0,0,3,1,1,0,0
269,1.0,1,463,0,58.0,0,1,153.4625,2,2,0,0,4,4,1,0,0
270,1.0,1,127,0,35.0,0,0,135.6333,2,1,1,0,2,4,0,0,0
271,0.0,1,182,1,28.0,0,0,31.0,2,1,1,0,3,3,0,0,0
272,1.0,3,1181,1,25.0,0,0,0.0,2,1,1,1,3,1,0,0,0
273,1.0,2,785,0,41.0,0,1,19.5,2,2,0,0,4,3,1,0,0
274,0.0,1,845,1,37.0,0,1,29.7,0,2,0,0,3,3,1,0,0
275,1.0,3,516,0,28.0,0,0,7.75,1,1,1,0,2,1,0,0,0
276,1.0,1,45,0,63.0,1,0,77.9583,2,2,0,0,2,4,1,0,0
277,0.0,3,704,0,45.0,0,0,7.75,2,1,1,0,2,1,0,0,0
278,0.0,2,923,1,28.0,0,0,0.0,2,1,1,1,3,1,0,0,0
279,0.0,3,991,1,7.0,4,1,29.125,1,6,0,0,0,3,0,0,1
280,1.0,3,3,0,35.0,1,1,20.25,2,3,0,0,4,3,0,1,0
281,0.0,3,351,1,65.0,0,0,7.75,1,1,1,0,3,1,0,0,0
282,0.0,3,894,1,28.0,0,0,7.8542,2,1,1,0,3,1,0,0,0
283,0.0,3,1290,1,16.0,0,0,9.5,2,1,1,0,3,2,0,0,0
284,1.0,3,339,1,19.0,0,0,8.05,2,1,1,0,3,2,0,0,0
285,0.0,1,1107,1,28.0,0,0,26.0,2,1,1,0,3,3,0,0,0
286,0.0,3,1125,1,33.0,0,0,8.6625,0,1,1,0,3,2,0,0,0
287,1.0,3,1289,1,30.0,0,0,9.5,2,1,1,0,3,2,0,0,0
288,0.0,3,835,1,22.0,0,0,7.8958,2,1,1,0,3,1,0,0,0
289,1.0,2,557,1,42.0,0,0,13.0,2,1,1,0,3,2,0,0,0
290,1.0,3,261,0,22.0,0,0,7.75,1,1,1,0,2,1,0,0,0
291,1.0,1,92,0,26.0,0,0,78.85,2,1,1,0,2,4,0,0,0
292,1.0,1,126,0,19.0,1,0,91.0792,0,2,0,0,4,4,1,0,0
293,0.0,2,699,1,36.0,0,0,12.875,0,1,1,0,3,2,0,0,0
294,0.0,3,475,0,24.0,0,0,8.85,2,1,1,0,2,2,0,0,0
295,0.0,3,799,1,24.0,0,0,7.8958,2,1,1,0,3,1,0,0,0
296,0.0,1,700,1,28.0,0,0,27.7208,0,1,1,0,3,3,0,0,0
297,0.0,3,485,1,23.5,0,0,7.2292,0,1,1,0,3,1,0,0,0
298,0.0,1,24,0,2.0,1,2,151.55,2,4,0,0,2,4,0,1,0
299,1.0,1,1040,1,28.0,0,0,30.5,2,1,1,0,3,3,0,0,0
300,1.0,1,99,0,50.0,0,1,247.5208,0,2,0,0,4,4,1,0,0
301,1.0,3,633,0,28.0,0,0,7.75,1,1,1,0,2,1,0,0,0
302,1.0,3,768,1,28.0,2,0,23.25,1,3,0,0,3,3,0,1,0
303,0.0,3,601,1,19.0,0,0,0.0,2,1,1,1,3,1,0,0,0
304,1.0,2,628,0,28.0,0,0,12.35,1,1,1,0,2,2,0,0,0
305,0.0,3,1262,1,28.0,0,0,8.05,2,1,1,0,3,2,0,0,0
306,1.0,1,23,1,0.92,1,2,151.55,2,4,0,0,0,4,0,1,0
307,1.0,1,387,0,28.0,0,0,110.8833,0,1,1,0,2,4,0,0,0
308,1.0,1,943,0,17.0,1,0,108.9,0,2,0,0,4,4,1,0,0
309,0.0,2,6,1,30.0,1,0,24.0,0,2,0,0,3,3,1,0,0
310,1.0,1,406,0,30.0,0,0,56.9292,0,1,1,0,2,4,0,0,0
311,1.0,1,512,0,24.0,0,0,83.1583,0,1,1,0,2,4,0,0,0
312,1.0,1,1033,0,18.0,2,2,262.375,0,5,0,0,2,4,0,0,1
313,0.0,2,664,0,26.0,1,1,26.0,2,3,0,0,4,3,0,1,0
314,0.0,3,523,1,28.0,0,0,7.8958,2,1,1,0,3,1,0,0,0
315,0.0,2,506,1,43.0,1,1,26.25,2,3,0,0,3,3,0,1,0
316,1.0,3,863,0,26.0,0,0,7.8542,2,1,1,0,2,1,0,0,0
317,1.0,2,618,0,24.0,1,0,26.0,2,2,0,0,4,3,1,0,0
318,0.0,2,816,1,54.0,0,0,14.0,2,1,1,0,1,2,0,0,0
319,1.0,1,1246,0,31.0,0,2,164.8667,2,3,0,0,2,4,0,1,0
320,1.0,1,1119,0,40.0,1,1,134.5,0,3,0,0,4,4,0,1,0
321,0.0,3,323,1,22.0,0,0,7.25,2,1,1,0,3,1,0,0,0
322,0.0,3,300,1,27.0,0,0,7.8958,2,1,1,0,3,1,0,0,0
323,1.0,2,1098,0,30.0,0,0,12.35,1,1,1,0,2,2,0,0,0
324,1.0,2,186,0,22.0,1,1,29.0,2,3,0,0,4,3,0,1,0
326,1.0,1,1276,0,36.0,0,0,135.6333,0,1,1,0,2,4,0,0,0
327,0.0,3,873,1,61.0,0,0,6.2375,2,1,1,0,3,1,0,0,0
328,1.0,2,87,0,36.0,0,0,13.0,2,1,1,0,4,2,0,0,0
329,1.0,3,450,0,31.0,1,1,20.525,2,3,0,0,4,3,0,1,0
330,1.0,1,537,0,16.0,0,1,57.9792,0,2,0,0,2,4,1,0,0
331,1.0,3,766,0,28.0,2,0,23.25,1,3,0,0,2,3,0,1,0
332,0.0,1,926,1,45.5,0,0,28.5,2,1,1,0,3,3,0,0,0
333,0.0,1,462,1,38.0,0,1,153.4625,2,2,0,0,3,4,1,0,0
334,0.0,3,1206,1,16.0,2,0,18.0,2,3,0,0,3,3,0,1,0
335,1.0,1,411,0,28.0,1,0,133.65,2,2,0,0,4,4,1,0,0
336,0.0,3,322,1,28.0,0,0,7.8958,2,1,1,0,3,1,0,0,0
337,0.0,1,936,1,29.0,1,0,66.6,2,2,0,0,3,4,1,0,0
338,1.0,1,171,0,41.0,0,0,134.5,0,1,1,0,2,4,0,0,0
339,1.0,3,289,1,45.0,0,0,8.05,2,1,1,0,3,2,0,0,0
340,0.0,1,130,1,45.0,0,0,35.5,2,1,1,0,3,4,0,0,0
341,1.0,2,847,1,2.0,1,1,26.0,2,3,0,0,0,3,0,1,0
343,0.0,2,250,1,28.0,0,0,13.0,2,1,1,0,3,2,0,0,0
344,0.0,2,1066,1,25.0,0,0,13.0,2,1,1,0,3,2,0,0,0
345,0.0,2,405,1,36.0,0,0,13.0,2,1,1,0,3,2,0,0,0
346,1.0,2,159,0,24.0,0,0,13.0,2,1,1,0,2,2,0,0,0
347,1.0,2,1104,0,40.0,0,0,13.0,2,1,1,0,2,2,0,0,0
348,1.0,3,313,0,28.0,1,0,16.1,2,2,0,0,4,3,1,0,0
349,1.0,3,274,1,3.0,1,1,15.9,2,3,0,0,0,3,0,1,0
350,0.0,3,330,1,42.0,0,0,8.6625,2,1,1,0,3,2,0,0,0
351,0.0,3,886,1,23.0,0,0,9.225,2,1,1,0,3,2,0,0,0
352,0.0,1,1265,1,28.0,0,0,35.0,2,1,1,0,3,4,0,0,0
353,0.0,3,368,1,15.0,1,1,7.2292,0,3,0,0,3,1,0,1,0
354,0.0,3,51,1,25.0,1,0,17.8,2,2,0,0,3,3,1,0,0
355,0.0,3,1278,1,28.0,0,0,7.225,0,1,1,0,3,1,0,0,0
356,0.0,3,1202,1,28.0,0,0,9.5,2,1,1,0,3,2,0,0,0
357,1.0,1,147,0,22.0,0,1,55.0,2,2,0,0,2,4,1,0,0
358,0.0,2,417,0,38.0,0,0,13.0,2,1,1,0,2,2,0,0,0
359,1.0,3,774,0,28.0,0,0,7.8792,1,1,1,0,2,1,0,0,0
360,1.0,3,805,0,28.0,0,0,7.8792,1,1,1,0,2,1,0,0,0
361,0.0,3,1095,1,40.0,1,4,27.9,2,6,0,0,3,3,0,0,1
362,0.0,2,1291,1,29.0,1,0,27.7208,0,2,0,0,3,3,1,0,0
363,0.0,3,91,0,45.0,0,1,14.4542,0,2,0,0,4,2,1,0,0
364,0.0,3,56,1,35.0,0,0,7.05,2,1,1,0,3,1,0,0,0
365,0.0,3,874,1,28.0,1,0,15.5,1,2,0,0,3,3,1,0,0
366,0.0,3,10,1,30.0,0,0,7.25,2,1,1,0,3,1,0,0,0
367,1.0,1,1223,0,60.0,1,0,75.25,0,2,0,0,4,4,1,0,0
368,1.0,3,824,0,28.0,0,0,7.2292,0,1,1,0,4,1,0,0,0
369,1.0,3,588,0,28.0,0,0,7.75,1,1,1,0,2,1,0,0,0
370,1.0,1,72,0,24.0,0,0,69.3,0,1,1,0,1,4,0,0,0
371,1.0,1,491,1,25.0,1,0,55.4417,0,2,0,0,3,4,1,0,0
372,0.0,3,1253,1,18.0,1,0,6.4958,2,2,0,0,3,1,1,0,0
373,0.0,3,105,1,19.0,0,0,8.05,2,1,1,0,3,2,0,0,0
374,0.0,1,1001,1,22.0,0,0,135.6333,0,1,1,0,3,4,0,0,0
375,0.0,3,913,0,3.0,3,1,21.075,2,5,0,0,2,3,0,0,1
376,1.0,1,791,0,28.0,1,0,82.1708,0,2,0,0,4,4,1,0,0
377,1.0,3,671,0,22.0,0,0,7.25,2,1,1,0,2,1,0,0,0
378,0.0,1,1251,1,27.0,0,2,211.5,0,3,0,0,3,4,0,1,0
379,0.0,3,119,1,20.0,0,0,4.0125,0,1,1,0,3,1,0,0,0
380,0.0,3,474,1,19.0,0,0,7.775,2,1,1,0,3,1,0,0,0
381,1.0,1,120,0,42.0,0,0,227.525,0,1,1,0,2,4,0,0,0
382,1.0,3,837,0,1.0,0,2,15.7417,0,3,0,0,2,3,0,1,0
383,0.0,3,1174,1,32.0,0,0,7.925,2,1,1,0,3,2,0,0,0
384,1.0,1,552,0,35.0,1,0,52.0,2,2,0,0,4,4,1,0,0
385,0.0,3,966,1,28.0,0,0,7.8958,2,1,1,0,3,1,0,0,0
386,0.0,2,306,1,18.0,0,0,73.5,2,1,1,0,3,4,0,0,0
387,0.0,3,453,1,1.0,5,2,46.9,2,8,0,0,0,4,0,0,1
388,1.0,2,173,0,36.0,0,0,13.0,2,1,1,0,2,2,0,0,0
389,0.0,3,1041,1,28.0,0,0,7.7292,1,1,1,0,3,1,0,0,0
390,1.0,2,689,0,17.0,0,0,12.0,0,1,1,0,2,2,0,0,0
391,1.0,1,209,1,36.0,1,2,120.0,2,4,0,0,3,4,0,1,0
392,1.0,3,579,1,21.0,0,0,7.7958,2,1,1,0,3,1,0,0,0
393,0.0,3,473,1,28.0,2,0,7.925,2,3,0,0,3,2,0,1,0
394,1.0,1,853,0,23.0,1,0,113.275,0,2,0,0,2,4,1,0,0
395,1.0,3,1058,0,24.0,0,2,16.7,2,3,0,0,4,3,0,1,0
396,0.0,3,593,1,22.0,0,0,7.7958,2,1,1,0,3,1,0,0,0
397,0.0,3,893,0,31.0,0,0,7.8542,2,1,1,0,2,1,0,0,0
398,0.0,2,777,1,46.0,0,0,26.0,2,1,1,0,3,3,0,0,0
399,0.0,2,909,1,23.0,0,0,10.5,2,1,1,0,1,2,0,0,0
400,1.0,2,1187,0,28.0,0,0,12.65,2,1,1,0,4,2,0,0,0
401,1.0,3,866,1,39.0,0,0,7.925,2,1,1,0,3,2,0,0,0
402,0.0,3,11,1,26.0,0,0,8.05,2,1,1,0,3,2,0,0,0
403,0.0,3,613,0,21.0,1,0,9.825,2,2,0,0,2,2,1,0,0
404,0.0,3,479,1,28.0,1,0,15.85,2,2,0,0,3,3,1,0,0
405,0.0,3,899,0,20.0,0,0,8.6625,2,1,1,0,2,2,0,0,0
406,0.0,2,422,1,34.0,1,0,21.0,2,2,0,0,3,3,1,0,0
407,0.0,3,1249,1,51.0,0,0,7.75,2,1,1,0,3,1,0,0,0
408,1.0,2,997,1,3.0,1,1,18.75,2,3,0,0,0,3,0,1,0
409,0.0,3,123,1,21.0,0,0,7.775,2,1,1,0,3,1,0,0,0
410,0.0,3,685,0,28.0,3,1,25.4667,2,5,0,0,2,3,0,0,1
411,0.0,3,1065,1,28.0,0,0,7.8958,2,1,1,0,3,1,0,0,0
412,0.0,3,507,1,28.0,0,0,6.8583,1,1,1,0,3,1,0,0,0
413,1.0,1,797,0,33.0,1,0,90.0,1,2,0,0,2,4,1,0,0
414,0.0,2,287,1,28.0,0,0,0.0,2,1,1,1,3,1,0,0,0
415,1.0,3,1146,1,44.0,0,0,7.925,2,1,1,0,3,2,0,0,0
416,0.0,3,783,0,28.0,0,0,8.05,2,1,1,0,4,2,0,0,0
417,1.0,2,350,0,34.0,1,1,32.5,2,3,0,0,4,4,0,1,0
418,1.0,2,1077,0,18.0,0,2,13.0,2,3,0,0,2,2,0,1,0
419,0.0,2,759,1,30.0,0,0,13.0,2,1,1,0,3,2,0,0,0
420,0.0,3,1196,0,10.0,0,2,24.15,2,3,0,0,2,3,0,1,0
421,0.0,3,430,1,28.0,0,0,7.8958,0,1,1,0,3,1,0,0,0
422,0.0,3,226,1,21.0,0,0,7.7333,1,1,1,0,3,1,0,0,0
423,0.0,3,1285,1,29.0,0,0,7.875,2,1,1,0,3,1,0,0,0
424,0.0,3,297,0,28.0,1,1,14.4,2,3,0,0,4,2,0,1,0
425,0.0,3,1017,1,18.0,1,1,20.2125,2,3,0,0,3,3,0,1,0
426,0.0,3,1269,1,28.0,0,0,7.25,2,1,1,0,3,1,0,0,0
427,1.0,2,241,0,28.0,1,0,26.0,2,2,0,0,4,3,1,0,0
428,1.0,2,962,0,19.0,0,0,26.0,2,1,1,0,2,3,0,0,0
429,0.0,3,388,1,28.0,0,0,7.75,1,1,1,0,3,1,0,0,0
430,1.0,3,964,1,32.0,0,0,8.05,2,1,1,0,3,2,0,0,0
431,1.0,1,129,1,28.0,0,0,26.55,2,1,1,0,3,3,0,0,0
432,1.0,3,1173,0,28.0,1,0,16.1,2,2,0,0,4,3,1,0,0
433,1.0,2,723,0,42.0,1,0,26.0,2,2,0,0,4,3,1,0,0
434,0.0,3,615,1,17.0,0,0,7.125,2,1,1,0,3,1,0,0,0
435,0.0,1,1079,1,50.0,1,0,55.9,2,2,0,0,3,4,1,0,0
436,1.0,1,208,0,14.0,1,2,120.0,2,4,0,0,2,4,0,1,0
437,0.0,3,394,0,21.0,2,2,34.375,2,5,0,0,2,4,0,0,1
438,1.0,2,998,0,24.0,2,3,18.75,2,6,0,0,4,3,0,0,1
439,0.0,1,402,1,64.0,1,4,263.0,2,6,0,0,3,4,0,0,1
440,0.0,2,662,1,31.0,0,0,10.5,2,1,1,0,3,2,0,0,0
441,1.0,2,508,0,45.0,1,1,26.25,2,3,0,0,4,3,0,1,0
442,0.0,3,484,1,20.0,0,0,9.5,2,1,1,0,3,2,0,0,0
443,0.0,3,958,1,25.0,1,0,7.775,2,2,0,0,3,1,1,0,0
444,1.0,2,986,0,28.0,0,0,13.0,2,1,1,0,1,2,0,0,0
445,1.0,3,590,1,28.0,0,0,8.1125,2,1,1,0,3,2,0,0,0
446,1.0,1,333,1,4.0,0,2,81.8583,2,3,0,0,0,4,0,1,0
447,1.0,2,784,0,13.0,0,1,19.5,2,2,0,0,2,3,1,0,0
448,1.0,1,1068,1,34.0,0,0,26.55,2,1,1,0,3,3,0,0,0
449,1.0,3,80,0,5.0,2,1,19.2583,0,4,0,0,2,3,0,1,0
450,1.0,1,960,1,52.0,0,0,30.5,2,1,1,0,1,3,0,0,0
451,0.0,2,1238,1,36.0,1,2,27.75,2,4,0,0,3,3,0,1,0
452,0.0,3,477,1,28.0,1,0,19.9667,2,2,0,0,3,3,1,0,0
453,0.0,1,400,1,30.0,0,0,27.75,0,1,1,0,3,3,0,0,0
454,1.0,1,444,1,49.0,1,0,89.1042,0,2,0,0,3,4,1,0,0
455,0.0,3,939,1,28.0,0,0,8.05,2,1,1,0,3,2,0,0,0
456,1.0,3,578,1,29.0,0,0,7.8958,0,1,1,0,3,1,0,0,0
457,0.0,1,794,1,65.0,0,0,26.55,2,1,1,0,3,3,0,0,0
458,1.0,1,640,0,28.0,1,0,51.8625,2,2,0,0,4,4,1,0,0
459,1.0,2,1178,0,50.0,0,0,10.5,2,1,1,0,2,2,0,0,0
460,0.0,3,878,1,28.0,0,0,7.75,1,1,1,0,3,1,0,0,0
461,1.0,1,30,1,48.0,0,0,26.55,2,1,1,0,3,3,0,0,0
462,0.0,3,818,1,34.0,0,0,8.05,2,1,1,0,3,2,0,0,0
463,0.0,1,428,1,47.0,0,0,38.5,2,1,1,0,3,4,0,0,0
464,0.0,2,795,1,48.0,0,0,13.0,2,1,1,0,3,2,0,0,0
465,0.0,3,741,1,28.0,0,0,8.05,2,1,1,0,3,2,0,0,0
466,0.0,3,451,1,38.0,0,0,7.05,2,1,1,0,3,1,0,0,0
467,0.0,2,190,1,28.0,0,0,0.0,2,1,1,1,3,1,0,0,0
468,0.0,1,1102,1,56.0,0,0,26.55,2,1,1,0,3,3,0,0,0
469,0.0,3,1062,1,28.0,0,0,7.725,1,1,1,0,3,1,0,0,0
470,1.0,3,79,0,0.75,2,1,19.2583,0,4,0,0,2,3,0,1,0
471,0.0,3,631,1,28.0,0,0,7.25,2,1,1,0,3,1,0,0,0
472,0.0,3,181,1,38.0,0,0,8.6625,2,1,1,0,3,2,0,0,0
473,1.0,2,1239,0,33.0,1,2,27.75,2,4,0,0,4,3,0,1,0
474,1.0,2,589,0,23.0,0,0,13.7917,0,1,1,0,4,2,0,0,0
475,0.0,3,1138,0,22.0,0,0,9.8375,2,1,1,0,2,2,0,0,0
476,0.0,1,243,1,28.0,0,0,52.0,2,1,1,0,3,4,0,0,0
477,0.0,2,983,1,34.0,1,0,21.0,2,2,0,0,3,3,1,0,0
478,0.0,3,154,1,29.0,1,0,7.0458,2,2,0,0,3,1,1,0,0
479,0.0,3,622,1,22.0,0,0,7.5208,2,1,1,0,3,1,0,0,0
480,1.0,3,539,0,2.0,0,1,12.2875,2,2,0,0,2,2,1,0,0
481,0.0,3,452,1,9.0,5,2,46.9,2,8,0,0,0,4,0,0,1
482,0.0,2,415,1,28.0,0,0,0.0,2,1,1,1,3,1,0,0,0
483,0.0,3,1026,1,50.0,0,0,8.05,2,1,1,0,3,2,0,0,0
484,1.0,3,1192,0,63.0,0,0,9.5875,2,1,1,0,4,2,0,0,0
485,1.0,1,125,1,25.0,1,0,91.0792,0,2,0,0,3,4,1,0,0
486,0.0,3,686,0,28.0,3,1,25.4667,2,5,0,0,2,3,0,0,1
487,1.0,1,563,0,35.0,1,0,90.0,2,2,0,0,4,4,1,0,0
488,0.0,1,638,1,58.0,0,0,29.7,0,1,1,0,3,3,0,0,0
489,0.0,3,1115,1,30.0,0,0,8.05,2,1,1,0,3,2,0,0,0
490,1.0,3,273,1,9.0,1,1,15.9,2,3,0,0,0,3,0,1,0
491,0.0,3,478,1,28.0,1,0,19.9667,2,2,0,0,3,3,1,0,0
492,0.0,3,1267,1,21.0,0,0,7.25,2,1,1,0,3,1,0,0,0
493,0.0,1,807,1,55.0,0,0,30.5,2,1,1,0,3,3,0,0,0
494,0.0,1,54,1,71.0,0,0,49.5042,0,1,1,0,3,4,0,0,0
495,0.0,3,1127,1,21.0,0,0,8.05,2,1,1,0,3,2,0,0,0
496,0.0,3,1279,1,28.0,0,0,14.4583,0,1,1,0,3,2,0,0,0
497,1.0,1,374,0,54.0,1,0,78.2667,0,2,0,0,2,4,1,0,0
498,0.0,3,1072,1,28.0,0,0,15.1,2,1,1,0,3,3,0,0,0
499,0.0,1,26,0,25.0,1,2,151.55,2,4,0,0,4,4,0,1,0
500,0.0,3,1151,1,24.0,0,0,7.7958,2,1,1,0,3,1,0,0,0
501,0.0,3,188,1,17.0,0,0,8.6625,2,1,1,0,3,2,0,0,0
502,0.0,3,191,0,21.0,0,0,7.75,1,1,1,0,2,1,0,0,0
503,0.0,3,885,0,28.0,0,0,7.6292,1,1,1,0,2,1,0,0,0
504,0.0,3,666,0,37.0,0,0,9.5875,2,1,1,0,2,2,0,0,0
505,1.0,1,740,0,16.0,0,0,86.5,2,1,1,0,2,4,0,0,0
506,0.0,1,942,1,18.0,1,0,108.9,0,2,0,0,3,4,1,0,0
507,1.0,2,976,0,33.0,0,2,26.0,2,3,0,0,4,3,0,1,0
508,1.0,1,150,1,28.0,0,0,26.55,2,1,1,0,3,3,0,0,0
509,0.0,3,890,1,28.0,0,0,22.525,2,1,1,0,3,3,0,0,0
510,1.0,3,673,1,26.0,0,0,56.4958,2,1,1,0,3,4,0,0,0
511,1.0,3,293,1,29.0,0,0,7.75,1,1,1,0,3,1,0,0,0
512,0.0,3,1228,1,28.0,0,0,8.05,2,1,1,0,3,2,0,0,0
513,1.0,1,773,1,36.0,0,0,26.2875,2,1,1,0,3,3,0,0,0
514,1.0,1,1025,0,54.0,1,0,59.4,0,2,0,0,4,4,1,0,0
515,0.0,3,248,1,24.0,0,0,7.4958,2,1,1,0,3,1,0,0,0
516,0.0,1,1215,1,47.0,0,0,34.0208,2,1,1,0,3,4,0,0,0
517,1.0,2,693,0,34.0,0,0,10.5,2,1,1,0,4,2,0,0,0
518,0.0,3,1031,1,28.0,0,0,24.15,1,1,1,0,3,3,0,0,0
519,1.0,2,49,0,36.0,1,0,26.0,2,2,0,0,4,3,1,0,0
520,0.0,3,930,1,32.0,0,0,7.8958,2,1,1,0,3,1,0,0,0
521,1.0,1,947,0,30.0,0,0,93.5,2,1,1,0,2,4,0,0,0
522,0.0,3,1212,1,22.0,0,0,7.8958,2,1,1,0,3,1,0,0,0
523,0.0,3,663,1,28.0,0,0,7.225,0,1,1,0,3,1,0,0,0
524,1.0,1,538,0,44.0,0,1,57.9792,0,2,0,0,4,4,1,0,0
525,0.0,3,626,1,28.0,0,0,7.2292,0,1,1,0,3,1,0,0,0
526,0.0,3,378,1,40.5,0,0,7.75,1,1,1,0,3,1,0,0,0
527,1.0,2,999,0,50.0,0,0,10.5,2,1,1,0,2,2,0,0,0
528,0.0,1,379,1,28.0,0,0,221.7792,2,1,1,0,3,4,0,0,0
529,0.0,3,1052,1,39.0,0,0,7.925,2,1,1,0,3,2,0,0,0
530,0.0,2,542,1,23.0,2,1,11.5,2,4,0,0,3,2,0,1,0
531,1.0,2,974,0,2.0,1,1,26.0,2,3,0,0,2,3,0,1,0
532,0.0,3,1182,1,28.0,0,0,7.2292,0,1,1,0,3,1,0,0,0
533,0.0,3,367,1,17.0,1,1,7.2292,0,3,0,0,3,1,0,1,0
534,1.0,3,952,0,28.0,0,2,22.3583,0,3,0,0,4,3,0,1,0
535,0.0,3,179,0,30.0,0,0,8.6625,2,1,1,0,2,2,0,0,0
536,1.0,2,505,0,7.0,0,2,26.25,2,3,0,0,2,3,0,1,0
537,0.0,1,175,1,45.0,0,0,26.55,2,1,1,0,1,3,0,0,0
538,1.0,1,681,0,30.0,0,0,106.425,0,1,1,0,2,4,0,0,0
539,0.0,3,1004,1,28.0,0,0,14.5,2,1,1,0,3,2,0,0,0
540,1.0,1,412,0,22.0,0,2,49.5,0,3,0,0,2,4,0,1,0
541,1.0,1,282,0,36.0,0,2,71.0,2,3,0,0,2,4,0,1,0
542,0.0,3,36,0,9.0,4,2,31.275,2,7,0,0,2,4,0,0,1
543,0.0,3,37,0,11.0,4,2,31.275,2,7,0,0,2,4,0,0,1
544,1.0,2,101,1,32.0,1,0,26.0,2,2,0,0,3,3,1,0,0
545,0.0,1,340,1,50.0,1,0,106.425,0,2,0,0,3,4,1,0,0
546,0.0,1,857,1,64.0,0,0,26.0,2,1,1,0,3,3,0,0,0
547,1.0,2,102,0,19.0,1,0,26.0,2,2,0,0,4,3,1,0,0
548,1.0,2,908,1,28.0,0,0,13.8625,0,1,1,0,3,2,0,0,0
549,0.0,3,448,1,33.0,1,1,20.525,2,3,0,0,3,3,0,1,0
550,1.0,2,304,1,8.0,1,1,36.75,2,3,0,0,0,4,0,1,0
551,1.0,1,1162,1,17.0,0,2,110.8833,0,3,0,0,3,4,0,1,0
552,0.0,2,1069,1,27.0,0,0,26.0,2,1,1,0,3,3,0,0,0
553,0.0,3,875,1,28.0,0,0,7.8292,1,1,1,0,3,1,0,0,0
554,1.0,3,683,1,22.0,0,0,7.225,0,1,1,0,3,1,0,0,0
555,1.0,3,887,0,22.0,0,0,7.775,2,1,1,0,2,1,0,0,0
556,0.0,1,1273,1,62.0,0,0,26.55,2,1,1,0,3,3,0,0,0
557,1.0,1,352,0,48.0,1,0,39.6,0,2,0,0,1,4,1,0,0
558,0.0,1,1006,1,28.0,0,0,227.525,0,1,1,0,3,4,0,0,0
559,1.0,1,1157,0,39.0,1,1,79.65,2,3,0,0,4,4,0,1,0
560,1.0,3,1288,0,36.0,1,0,17.4,2,2,0,0,4,3,1,0,0
561,0.0,3,819,1,28.0,0,0,7.75,1,1,1,0,3,1,0,0,0
562,0.0,3,1087,1,40.0,0,0,7.8958,2,1,1,0,3,1,0,0,0
563,0.0,2,867,1,28.0,0,0,13.5,2,1,1,0,3,2,0,0,0
564,0.0,3,1081,1,28.0,0,0,8.05,2,1,1,0,3,2,0,0,0
565,0.0,3,782,0,28.0,0,0,8.05,2,1,1,0,2,2,0,0,0
566,0.0,3,305,1,24.0,2,0,24.15,2,3,0,0,3,3,0,1,0
567,0.0,3,1137,1,19.0,0,0,7.8958,2,1,1,0,3,1,0,0,0
568,0.0,3,915,0,29.0,0,4,21.075,2,5,0,0,4,3,0,0,1
569,0.0,3,335,1,28.0,0,0,7.2292,0,1,1,0,3,1,0,0,0
570,1.0,3,609,1,32.0,0,0,7.8542,2,1,1,0,3,1,0,0,0
571,1.0,2,500,1,62.0,0,0,10.5,2,1,1,0,3,2,0,0,0
572,1.0,1,50,0,53.0,2,0,51.4792,2,3,0,0,4,4,0,1,0
573,1.0,1,390,1,36.0,0,0,26.3875,2,1,1,0,3,3,0,0,0
574,1.0,3,634,0,28.0,0,0,7.75,1,1,1,0,2,1,0,0,0
575,0.0,3,1029,1,16.0,0,0,8.05,2,1,1,0,3,2,0,0,0
576,0.0,3,928,1,19.0,0,0,14.5,2,1,1,0,3,2,0,0,0
577,1.0,2,425,0,34.0,0,0,13.0,2,1,1,0,2,2,0,0,0
578,1.0,1,1080,0,39.0,1,0,55.9,2,2,0,0,4,4,1,0,0
579,0.0,3,196,0,28.0,1,0,14.4583,0,2,0,0,4,2,1,0,0
580,1.0,3,614,1,32.0,0,0,7.925,2,1,1,0,3,2,0,0,0
581,1.0,2,234,0,25.0,1,1,30.0,2,3,0,0,2,3,0,1,0
582,1.0,1,1163,0,39.0,1,1,110.8833,0,3,0,0,4,4,0,1,0
583,0.0,2,344,1,54.0,0,0,26.0,2,1,1,0,3,3,0,0,0
584,0.0,1,1021,1,36.0,0,0,40.125,0,1,1,0,3,4,0,0,0
585,0.0,3,929,1,28.0,0,0,8.7125,0,1,1,0,3,2,0,0,0
586,1.0,1,1155,0,18.0,0,2,79.65,2,3,0,0,2,4,0,1,0
587,0.0,2,581,1,47.0,0,0,15.0,2,1,1,0,3,3,0,0,0
588,1.0,1,413,1,60.0,1,1,79.2,0,3,0,0,3,4,0,1,0
589,0.0,3,438,1,22.0,0,0,8.05,2,1,1,0,3,2,0,0,0
590,0.0,3,829,1,28.0,0,0,8.05,2,1,1,0,3,2,0,0,0
591,0.0,3,1002,1,35.0,0,0,7.125,2,1,1,0,3,1,0,0,0
592,1.0,1,1132,0,52.0,1,0,78.2667,0,2,0,0,4,4,1,0,0
593,0.0,3,369,1,47.0,0,0,7.25,2,1,1,0,3,1,0,0,0
594,0.0,3,141,0,28.0,0,2,7.75,1,3,0,0,2,1,0,1,0
595,0.0,2,224,1,37.0,1,0,26.0,2,2,0,0,3,3,1,0,0
596,0.0,3,1197,1,36.0,1,1,24.15,2,3,0,0,3,3,0,1,0
597,1.0,2,691,0,28.0,0,0,33.0,2,1,1,0,2,4,0,0,0
598,0.0,3,599,1,49.0,0,0,0.0,2,1,1,1,3,1,0,0,0
599,0.0,3,139,1,28.0,0,0,7.225,0,1,1,0,3,1,0,0,0
600,1.0,1,353,1,49.0,1,0,56.9292,0,2,0,0,1,4,1,0,0
601,1.0,2,577,0,24.0,2,1,27.0,2,4,0,0,4,3,0,1,0
602,0.0,3,1097,1,28.0,0,0,7.8958,2,1,1,0,3,1,0,0,0
603,0.0,1,499,1,28.0,0,0,42.4,2,1,1,0,3,4,0,0,0
604,0.0,3,1179,1,44.0,0,0,8.05,2,1,1,0,3,2,0,0,0
605,1.0,1,553,1,35.0,0,0,26.55,0,1,1,0,3,3,0,0,0
606,0.0,3,706,1,36.0,1,0,15.55,2,2,0,0,3,3,1,0,0
607,0.0,3,619,1,30.0,0,0,7.8958,2,1,1,0,3,1,0,0,0
608,1.0,1,298,1,27.0,0,0,30.5,2,1,1,0,3,3,0,0,0
609,1.0,2,677,0,22.0,1,2,41.5792,0,4,0,0,4,4,0,1,0
610,1.0,1,1076,0,40.0,0,0,153.4625,2,1,1,0,2,4,0,0,0
611,0.0,3,41,0,39.0,1,5,31.275,2,7,0,0,4,4,0,0,1
612,0.0,3,580,1,28.0,0,0,7.05,2,1,1,0,3,1,0,0,0
613,1.0,3,831,0,28.0,1,0,15.5,1,2,0,0,2,3,1,0,0
614,0.0,3,556,1,28.0,0,0,7.75,1,1,1,0,3,1,0,0,0
615,0.0,3,158,1,35.0,0,0,8.05,2,1,1,0,3,2,0,0,0
616,1.0,2,526,0,24.0,1,2,65.0,2,4,0,0,2,4,0,1,0
617,0.0,3,296,1,34.0,1,1,14.4,2,3,0,0,3,2,0,1,0
618,0.0,3,717,0,26.0,1,0,16.1,2,2,0,0,4,3,1,0,0
619,1.0,2,107,0,4.0,2,1,39.0,2,4,0,0,2,4,0,1,0
620,0.0,2,427,1,26.0,0,0,10.5,2,1,1,0,3,2,0,0,0
621,0.0,3,1274,1,27.0,1,0,14.4542,0,2,0,0,3,2,1,0,0
622,1.0,1,646,1,42.0,1,0,52.5542,2,2,0,0,3,4,1,0,0
623,1.0,3,838,1,20.0,1,1,15.7417,0,3,0,0,3,3,0,1,0
624,0.0,3,488,1,21.0,0,0,7.8542,2,1,1,0,3,1,0,0,0
625,0.0,3,145,1,21.0,0,0,16.1,2,1,1,0,3,3,0,0,0
626,0.0,1,1148,1,61.0,0,0,32.3208,2,1,1,0,3,4,0,0,0
627,0.0,2,653,1,57.0,0,0,12.35,1,1,1,0,1,2,0,0,0
628,1.0,1,720,0,21.0,0,0,77.9583,2,1,1,0,2,4,0,0,0
629,0.0,3,135,1,26.0,0,0,7.8958,2,1,1,0,3,1,0,0,0
630,0.0,3,877,1,28.0,0,0,7.7333,1,1,1,0,3,1,0,0,0
631,1.0,1,93,1,80.0,0,0,30.0,2,1,1,0,3,3,0,0,0
632,0.0,3,726,1,51.0,0,0,7.0542,2,1,1,0,3,1,0,0,0
633,1.0,1,1123,1,32.0,0,0,30.5,0,1,1,0,1,3,0,0,0
634,0.0,1,924,1,28.0,0,0,0.0,2,1,1,1,3,1,0,0,0
635,0.0,3,1093,0,9.0,3,2,27.9,2,6,0,0,2,3,0,0,1
636,1.0,2,311,0,28.0,0,0,13.0,2,1,1,0,2,2,0,0,0
637,0.0,3,690,1,32.0,0,0,7.925,2,1,1,0,3,2,0,0,0
638,0.0,2,254,1,31.0,1,1,26.25,2,3,0,0,3,3,0,1,0
639,0.0,3,921,0,41.0,0,5,39.6875,2,6,0,0,4,4,0,0,1
640,0.0,3,1172,1,28.0,1,0,16.1,2,2,0,0,3,3,1,0,0
641,0.0,3,585,1,20.0,0,0,7.8542,2,1,1,0,3,1,0,0,0
642,1.0,1,1048,0,24.0,0,0,69.3,0,1,1,0,1,4,0,0,0
643,0.0,3,1094,0,2.0,3,2,27.9,2,6,0,0,2,3,0,0,1
644,1.0,3,393,1,28.0,0,0,56.4958,2,1,1,0,3,4,0,0,0
645,1.0,3,78,0,0.75,2,1,19.2583,0,4,0,0,2,3,0,1,0
646,1.0,1,496,1,48.0,1,0,76.7292,0,2,0,0,3,4,1,0,0
647,0.0,3,267,1,19.0,0,0,7.8958,2,1,1,0,3,1,0,0,0
648,1.0,1,1082,1,56.0,0,0,35.5,0,1,1,0,1,4,0,0,0
649,0.0,3,1259,1,28.0,0,0,7.55,2,1,1,0,3,1,0,0,0
650,1.0,3,1126,0,23.0,0,0,7.55,2,1,1,0,2,1,0,0,0
651,0.0,3,803,1,28.0,0,0,7.8958,2,1,1,0,3,1,0,0,0
652,1.0,2,336,0,18.0,0,1,23.0,2,2,0,0,2,3,1,0,0
653,0.0,3,616,1,21.0,0,0,8.4333,2,1,1,0,3,2,0,0,0
654,1.0,3,884,0,28.0,0,0,7.8292,1,1,1,0,2,1,0,0,0
655,0.0,3,519,0,18.0,0,0,6.75,1,1,1,0,2,1,0,0,0
656,0.0,2,531,1,24.0,2,0,73.5,2,3,0,0,3,4,0,1,0
657,0.0,3,977,1,28.0,0,0,7.8958,2,1,1,0,3,1,0,0,0
658,0.0,3,143,0,32.0,1,1,15.5,1,3,0,0,4,3,0,1,0
659,0.0,2,362,1,23.0,0,0,13.0,2,1,1,0,3,2,0,0,0
660,0.0,1,854,1,58.0,0,2,113.275,0,3,0,0,3,4,0,1,0
661,1.0,1,409,1,50.0,2,0,133.65,2,3,0,0,1,4,0,1,0
662,0.0,3,83,1,40.0,0,0,7.225,0,1,1,0,3,1,0,0,0
663,0.0,1,252,1,47.0,0,0,25.5875,2,1,1,0,3,3,0,0,0
664,0.0,3,247,1,36.0,0,0,7.4958,2,1,1,0,3,1,0,0,0
665,1.0,3,708,1,20.0,1,0,7.925,2,2,0,0,3,2,1,0,0
666,0.0,2,532,1,32.0,2,0,73.5,2,3,0,0,3,4,0,1,0
667,0.0,2,174,1,25.0,0,0,13.0,2,1,1,0,3,2,0,0,0
668,0.0,3,1014,1,28.0,0,0,7.775,2,1,1,0,3,1,0,0,0
669,0.0,3,263,1,43.0,0,0,8.05,2,1,1,0,3,2,0,0,0
670,1.0,1,1159,0,28.0,1,0,52.0,2,2,0,0,4,4,1,0,0
671,1.0,2,164,0,40.0,1,1,39.0,2,3,0,0,4,4,0,1,0
672,0.0,1,302,1,31.0,1,0,52.0,2,2,0,0,3,4,1,0,0
673,0.0,2,802,1,70.0,0,0,10.5,2,1,1,0,3,2,0,0,0
674,1.0,2,1255,1,31.0,0,0,13.0,2,1,1,0,3,2,0,0,0
675,0.0,2,1224,1,28.0,0,0,0.0,2,1,1,1,3,1,0,0,0
676,0.0,3,361,1,18.0,0,0,7.775,2,1,1,0,3,1,0,0,0
677,0.0,3,1061,1,24.5,0,0,8.05,2,1,1,0,3,2,0,0,0
678,1.0,3,1191,0,18.0,0,0,9.8417,2,1,1,0,2,2,0,0,0
679,0.0,3,459,0,43.0,1,6,46.9,2,8,0,0,4,4,0,0,1
680,1.0,1,198,1,36.0,0,1,512.3292,0,2,0,0,3,4,1,0,0
681,0.0,3,953,0,28.0,0,0,8.1375,1,1,1,0,2,2,0,0,0
682,1.0,1,509,1,27.0,0,0,76.7292,0,1,1,0,3,4,0,0,0
683,0.0,3,896,1,20.0,0,0,9.225,2,1,1,0,3,2,0,0,0
684,0.0,3,457,1,14.0,5,2,46.9,2,8,0,0,3,4,0,0,1
685,0.0,2,161,1,60.0,1,1,39.0,2,3,0,0,3,4,0,1,0
686,0.0,2,676,1,25.0,1,2,41.5792,0,4,0,0,3,4,0,1,0
687,0.0,3,920,1,14.0,4,1,39.6875,2,6,0,0,3,4,0,0,1
688,0.0,3,291,1,19.0,0,0,10.1708,2,1,1,0,3,2,0,0,0
689,0.0,3,384,1,18.0,0,0,7.7958,2,1,1,0,3,1,0,0,0
690,1.0,1,734,0,15.0,0,1,211.3375,2,2,0,0,2,4,1,0,0
691,1.0,1,327,1,31.0,1,0,57.0,2,2,0,0,3,4,1,0,0
692,1.0,3,624,0,4.0,0,1,13.4167,0,2,0,0,2,2,1,0,0
693,1.0,3,668,1,28.0,0,0,56.4958,2,1,1,0,3,4,0,0,0
694,0.0,3,1038,1,25.0,0,0,7.225,0,1,1,0,3,1,0,0,0
695,0.0,1,1229,1,60.0,0,0,26.55,2,1,1,0,1,3,0,0,0
696,0.0,2,223,1,52.0,0,0,13.5,2,1,1,0,3,2,0,0,0
697,0.0,3,635,1,44.0,0,0,8.05,2,1,1,0,3,2,0,0,0
698,1.0,3,827,0,28.0,0,0,7.7333,1,1,1,0,2,1,0,0,0
699,0.0,1,1161,1,49.0,1,1,110.8833,0,3,0,0,3,4,0,1,0
700,0.0,3,564,1,42.0,0,0,7.65,2,1,1,0,3,1,0,0,0
701,1.0,1,69,0,18.0,1,0,227.525,0,2,0,0,4,4,1,0,0
702,1.0,1,1078,1,35.0,0,0,26.2875,2,1,1,0,3,3,0,0,0
703,0.0,3,90,0,18.0,0,1,14.4542,0,2,0,0,2,2,1,0,0
704,0.0,3,423,1,25.0,0,0,7.7417,1,1,1,0,3,1,0,0,0
705,0.0,3,487,1,26.0,1,0,7.8542,2,2,0,0,3,1,1,0,0
706,0.0,2,817,1,39.0,0,0,26.0,2,1,1,0,3,3,0,0,0
707,1.0,2,636,0,45.0,0,0,13.5,2,1,1,0,4,2,0,0,0
708,1.0,1,183,1,42.0,0,0,26.2875,2,1,1,0,3,3,0,0,0
709,1.0,1,242,0,22.0,0,0,151.55,2,1,1,0,2,4,0,0,0
710,1.0,3,822,1,28.0,1,1,15.2458,0,3,0,0,0,3,0,1,0
711,1.0,1,761,0,24.0,0,0,49.5042,0,1,1,0,1,4,0,0,0
712,0.0,1,654,1,28.0,0,0,26.55,2,1,1,0,3,3,0,0,0
713,1.0,1,1158,1,48.0,1,0,52.0,2,2,0,0,3,4,1,0,0
714,0.0,3,678,1,29.0,0,0,9.4833,2,1,1,0,3,2,0,0,0
715,0.0,2,465,1,52.0,0,0,13.0,2,1,1,0,3,2,0,0,0
716,0.0,3,1114,1,19.0,0,0,7.65,2,1,1,0,3,1,0,0,0
717,1.0,1,373,0,38.0,0,0,227.525,0,1,1,0,2,4,0,0,0
718,1.0,2,1188,0,27.0,0,0,10.5,2,1,1,0,2,2,0,0,0
719,0.0,3,772,1,28.0,0,0,15.5,1,1,1,0,3,3,0,0,0
720,0.0,3,600,1,33.0,0,0,7.775,2,1,1,0,3,1,0,0,0
721,1.0,2,495,0,6.0,0,1,33.0,2,2,0,0,2,4,1,0,0
722,0.0,3,587,1,17.0,1,0,7.0542,2,2,0,0,3,1,1,0,0
723,0.0,2,440,1,34.0,0,0,13.0,2,1,1,0,3,2,0,0,0
724,0.0,2,545,1,50.0,0,0,13.0,2,1,1,0,3,2,0,0,0
725,1.0,1,221,1,27.0,1,0,53.1,2,2,0,0,3,4,1,0,0
726,0.0,3,900,1,20.0,0,0,8.6625,2,1,1,0,3,2,0,0,0
727,1.0,2,984,0,30.0,3,0,21.0,2,4,0,0,4,3,0,1,0
728,1.0,3,750,0,28.0,0,0,7.7375,1,1,1,0,2,1,0,0,0
729,0.0,2,166,1,25.0,1,0,26.0,2,2,0,0,3,3,1,0,0
730,0.0,3,572,0,25.0,1,0,7.925,2,2,0,0,2,2,1,0,0
731,1.0,1,21,0,29.0,0,0,211.3375,2,1,1,0,2,4,0,0,0
732,0.0,3,510,1,11.0,0,0,18.7875,0,1,1,0,3,3,0,0,0
733,0.0,2,658,1,28.0,0,0,0.0,2,1,1,1,3,1,0,0,0
734,0.0,2,117,1,23.0,0,0,13.0,2,1,1,0,3,2,0,0,0
735,0.0,2,1186,1,23.0,0,0,13.0,2,1,1,0,3,2,0,0,0
736,0.0,3,1263,1,28.5,0,0,16.1,2,1,1,0,3,3,0,0,0
737,0.0,3,399,0,48.0,1,3,34.375,2,5,0,0,4,4,0,0,1
738,1.0,1,698,1,35.0,0,0,512.3292,0,1,1,0,3,4,0,0,0
739,0.0,3,575,1,28.0,0,0,7.8958,2,1,1,0,3,1,0,0,0
740,0.0,3,841,1,28.0,0,0,7.8958,2,1,1,0,3,1,0,0,0
741,1.0,1,511,1,28.0,0,0,30.0,2,1,1,0,3,3,0,0,0
742,0.0,1,216,1,36.0,1,0,78.85,2,2,0,0,3,4,1,0,0
743,1.0,1,1034,0,21.0,2,2,262.375,0,5,0,0,2,4,0,0,1
744,0.0,3,779,1,24.0,1,0,16.1,2,2,0,0,3,3,1,0,0
745,1.0,3,1139,1,31.0,0,0,7.925,2,1,1,0,3,2,0,0,0
746,0.0,1,281,1,70.0,1,1,71.0,2,3,0,0,1,4,0,1,0
747,0.0,3,2,1,16.0,1,1,20.25,2,3,0,0,3,3,0,1,0
748,1.0,2,1084,0,30.0,0,0,13.0,2,1,1,0,2,2,0,0,0
749,0.0,1,755,1,19.0,1,0,53.1,2,2,0,0,3,4,1,0,0
750,0.0,3,260,1,31.0,0,0,7.75,1,1,1,0,3,1,0,0,0
751,1.0,2,1233,0,4.0,1,1,23.0,2,3,0,0,2,3,0,1,0
752,1.0,3,809,1,6.0,0,1,12.475,2,2,0,0,0,2,1,0,0
753,0.0,3,1200,1,33.0,0,0,9.5,2,1,1,0,3,2,0,0,0
754,0.0,3,608,1,23.0,0,0,7.8958,2,1,1,0,3,1,0,0,0
755,1.0,2,529,0,48.0,1,2,65.0,2,4,0,0,4,4,0,1,0
756,1.0,2,482,1,0.67,1,1,14.5,2,3,0,0,0,2,0,1,0
757,0.0,3,200,1,28.0,0,0,7.7958,2,1,1,0,3,1,0,0,0
758,0.0,2,84,1,18.0,0,0,11.5,2,1,1,0,3,2,0,0,0
759,0.0,3,1164,1,34.0,0,0,8.05,2,1,1,0,3,2,0,0,0
760,1.0,1,1023,0,33.0,0,0,86.5,2,1,1,0,1,4,0,0,0
761,0.0,3,424,1,28.0,0,0,14.5,2,1,1,0,3,2,0,0,0
762,0.0,3,865,1,41.0,0,0,7.125,2,1,1,0,3,1,0,0,0
763,1.0,3,89,1,20.0,0,0,7.2292,0,1,1,0,3,1,0,0,0
764,1.0,1,211,0,36.0,1,2,120.0,2,4,0,0,4,4,0,1,0
765,0.0,3,363,1,16.0,0,0,7.775,2,1,1,0,3,1,0,0,0
766,1.0,1,546,0,51.0,1,0,77.9583,2,2,0,0,4,4,1,0,0
767,0.0,1,156,1,28.0,0,0,39.6,0,1,1,0,1,4,0,0,0
768,0.0,3,748,0,30.5,0,0,7.75,1,1,1,0,2,1,0,0,0
769,0.0,3,814,1,28.0,1,0,24.15,1,2,0,0,3,3,1,0,0
770,0.0,3,468,1,32.0,0,0,8.3625,2,1,1,0,3,2,0,0,0
771,0.0,3,702,1,24.0,0,0,9.5,2,1,1,0,3,2,0,0,0
772,0.0,3,586,1,48.0,0,0,7.8542,2,1,1,0,3,1,0,0,0
773,0.0,2,732,0,57.0,0,0,10.5,2,1,1,0,4,2,0,0,0
774,0.0,3,365,1,28.0,0,0,7.225,0,1,1,0,3,1,0,0,0
775,1.0,2,544,0,54.0,1,3,23.0,2,5,0,0,4,3,0,0,1
776,0.0,3,833,1,18.0,0,0,7.75,2,1,1,0,3,1,0,0,0
777,0.0,3,1175,1,28.0,0,0,7.75,1,1,1,0,3,1,0,0,0
778,1.0,3,370,0,5.0,0,0,12.475,2,1,1,0,2,2,0,0,0
779,0.0,3,645,1,28.0,0,0,7.7375,1,1,1,0,3,1,0,0,0
780,1.0,1,1007,0,43.0,0,1,211.3375,2,2,0,0,4,4,1,0,0
781,1.0,3,74,0,13.0,0,0,7.2292,0,1,1,0,2,1,0,0,0
782,1.0,1,328,0,17.0,1,0,57.0,2,2,0,0,4,4,1,0,0
783,0.0,1,719,1,29.0,0,0,30.0,2,1,1,0,3,3,0,0,0
784,0.0,3,605,1,28.0,1,2,23.45,2,4,0,0,3,3,0,1,0
785,0.0,3,20,1,25.0,0,0,7.05,2,1,1,0,3,1,0,0,0
786,0.0,3,494,1,25.0,0,0,7.25,2,1,1,0,3,1,0,0,0
787,1.0,3,1089,0,18.0,0,0,7.4958,2,1,1,0,2,1,0,0,0
788,0.0,3,993,1,8.0,4,1,29.125,1,6,0,0,0,3,0,0,1
789,1.0,3,315,1,1.0,1,2,20.575,2,4,0,0,0,3,0,1,0
790,0.0,1,470,1,46.0,0,0,79.2,0,1,1,0,3,4,0,0,0
791,0.0,3,629,1,28.0,0,0,7.75,1,1,1,0,3,1,0,0,0
792,0.0,2,426,1,16.0,0,0,26.0,2,1,1,0,3,3,0,0,0
794,0.0,1,562,1,28.0,0,0,30.6958,0,1,1,0,3,3,0,0,0
795,0.0,3,301,1,25.0,0,0,7.8958,2,1,1,0,3,1,0,0,0
796,0.0,2,905,1,39.0,0,0,13.0,2,1,1,0,3,2,0,0,0
797,1.0,1,682,0,49.0,0,0,25.9292,2,1,1,0,1,3,0,0,0
798,1.0,3,902,0,31.0,0,0,8.6833,2,1,1,0,4,2,0,0,0
799,0.0,3,567,1,30.0,0,0,7.2292,0,1,1,0,3,1,0,0,0
800,0.0,3,1198,0,30.0,1,1,24.15,2,3,0,0,4,3,0,1,0
801,0.0,2,969,1,34.0,0,0,13.0,2,1,1,0,3,2,0,0,0
802,1.0,2,255,0,31.0,1,1,26.25,2,3,0,0,4,3,0,1,0
803,1.0,1,207,1,11.0,1,2,120.0,2,4,0,0,0,4,0,1,0
804,1.0,3,1165,1,0.42,0,1,8.5167,0,2,0,0,0,2,1,0,0
805,1.0,3,517,1,27.0,0,0,6.975,2,1,1,0,3,1,0,0,0
806,0.0,3,595,1,31.0,0,0,7.775,2,1,1,0,3,1,0,0,0
807,0.0,1,46,1,39.0,0,0,0.0,2,1,1,1,3,1,0,0,0
808,0.0,3,959,0,18.0,0,0,7.775,2,1,1,0,2,1,0,0,0
809,0.0,2,789,1,39.0,0,0,13.0,2,1,1,0,3,2,0,0,0
810,1.0,1,222,0,33.0,1,0,53.1,2,2,0,0,4,4,1,0,0
811,0.0,3,17,1,26.0,0,0,7.8875,2,1,1,0,3,1,0,0,0
812,0.0,3,697,1,39.0,0,0,24.15,2,1,1,0,3,3,0,0,0
813,0.0,2,1099,1,35.0,0,0,10.5,2,1,1,0,3,2,0,0,0
814,0.0,3,32,0,6.0,4,2,31.275,2,7,0,0,2,4,0,0,1
815,0.0,3,1177,1,30.5,0,0,8.05,2,1,1,0,3,2,0,0,0
816,0.0,1,416,1,28.0,0,0,0.0,2,1,1,1,3,1,0,0,0
817,0.0,3,521,0,23.0,0,0,7.925,2,1,1,0,2,2,0,0,0
818,0.0,2,745,1,31.0,1,1,37.0042,0,3,0,0,3,4,0,1,0
819,0.0,3,549,1,43.0,0,0,6.45,2,1,1,0,3,1,0,0,0
820,0.0,3,1092,1,10.0,3,2,27.9,2,6,0,0,0,3,0,0,1
821,1.0,1,514,0,52.0,1,1,93.5,2,3,0,0,4,4,0,1,0
822,1.0,3,725,1,27.0,0,0,8.6625,2,1,1,0,3,2,0,0,0
823,0.0,1,985,1,38.0,0,0,0.0,2,1,1,1,1,1,0,0,0
824,1.0,3,810,0,27.0,0,1,12.475,2,2,0,0,4,2,1,0,0
825,0.0,3,918,1,2.0,4,1,39.6875,2,6,0,0,0,4,0,0,1
826,0.0,3,389,1,28.0,0,0,6.95,1,1,1,0,3,1,0,0,0
827,0.0,3,669,1,28.0,0,0,56.4958,2,1,1,0,3,4,0,0,0
828,1.0,2,744,1,1.0,0,2,37.0042,0,3,0,0,0,4,0,1,0
829,1.0,3,765,1,28.0,0,0,7.75,1,1,1,0,3,1,0,0,0
830,1.0,1,1135,0,62.0,0,0,80.0,2,1,1,0,4,4,0,0,0
831,1.0,3,1275,0,15.0,1,0,14.4542,0,2,0,0,4,2,1,0,0
832,1.0,2,996,1,0.83,1,1,18.75,2,3,0,0,0,3,0,1,0
833,0.0,3,1037,1,28.0,0,0,7.2292,0,1,1,0,3,1,0,0,0
834,0.0,3,73,1,23.0,0,0,7.8542,2,1,1,0,3,1,0,0,0
835,0.0,3,27,1,18.0,0,0,8.3,2,1,1,0,3,2,0,0,0
836,1.0,1,256,0,39.0,1,1,83.1583,0,3,0,0,2,4,0,1,0
837,0.0,3,927,1,21.0,0,0,8.6625,2,1,1,0,3,2,0,0,0
838,0.0,3,1086,1,28.0,0,0,8.05,2,1,1,0,3,2,0,0,0
839,1.0,3,231,1,32.0,0,0,56.4958,2,1,1,0,3,4,0,0,0
840,1.0,1,752,1,28.0,0,0,29.7,0,1,1,0,3,3,0,0,0
841,0.0,3,18,1,20.0,0,0,7.925,2,1,1,0,3,2,0,0,0
842,0.0,2,826,1,16.0,0,0,10.5,2,1,1,0,3,2,0,0,0
843,1.0,1,1067,0,30.0,0,0,31.0,0,1,1,0,2,3,0,0,0
844,0.0,3,692,1,34.5,0,0,6.4375,0,1,1,0,3,1,0,0,0
845,0.0,3,284,1,17.0,0,0,8.6625,2,1,1,0,3,2,0,0,0
846,0.0,3,0,1,42.0,0,0,7.55,2,1,1,0,3,1,0,0,0
848,0.0,3,753,1,35.0,0,0,7.8958,0,1,1,0,3,1,0,0,0
849,0.0,2,498,1,28.0,0,1,33.0,2,2,0,0,1,4,1,0,0
850,1.0,1,445,0,28.0,1,0,89.1042,0,2,0,0,4,4,1,0,0
851,0.0,3,31,1,4.0,4,2,31.275,2,7,0,0,0,4,0,0,1
852,0.0,3,1149,1,74.0,0,0,7.775,2,1,1,0,3,1,0,0,0
853,0.0,3,138,0,9.0,1,1,15.2458,0,3,0,0,2,3,0,1,0
854,1.0,1,711,0,16.0,0,1,39.4,2,2,0,0,2,4,1,0,0
855,0.0,2,210,0,44.0,1,0,26.0,2,2,0,0,4,3,1,0,0
856,1.0,3,14,0,18.0,0,1,9.35,2,2,0,0,4,2,1,0,0
857,1.0,1,1248,0,45.0,1,1,164.8667,2,3,0,0,4,4,0,1,0
858,1.0,1,294,1,51.0,0,0,26.55,2,1,1,0,3,3,0,0,0
859,1.0,3,81,0,24.0,0,3,19.2583,0,4,0,0,4,3,0,1,0
860,0.0,3,979,1,28.0,0,0,7.2292,0,1,1,0,3,1,0,0,0
861,0.0,3,486,1,41.0,2,0,14.1083,2,3,0,0,3,2,0,1,0
862,0.0,2,436,1,21.0,1,0,11.5,2,2,0,0,3,2,1,0,0
863,1.0,1,1154,0,48.0,0,0,25.9292,2,1,1,0,4,3,0,0,0
865,0.0,2,439,1,24.0,0,0,13.0,2,1,1,0,3,2,0,0,0
866,1.0,2,177,0,42.0,0,0,13.0,2,1,1,0,4,2,0,0,0
867,1.0,2,356,0,27.0,1,0,13.8583,0,2,0,0,2,2,1,0,0
868,0.0,1,1010,1,31.0,0,0,50.4958,2,1,1,0,3,4,0,0,0
869,0.0,3,1296,1,28.0,0,0,9.5,2,1,1,0,3,2,0,0,0
870,1.0,3,597,1,4.0,1,1,11.1333,2,3,0,0,0,2,0,1,0
871,0.0,3,86,1,26.0,0,0,7.8958,2,1,1,0,3,1,0,0,0
872,1.0,1,111,0,47.0,1,1,52.5542,2,3,0,0,4,4,0,1,0
873,0.0,1,202,1,33.0,0,0,5.0,2,1,1,0,3,1,0,0,0
874,0.0,3,1203,1,47.0,0,0,9.0,2,1,1,0,3,2,0,0,0
875,1.0,2,7,0,28.0,1,0,24.0,0,2,0,0,4,3,1,0,0
876,1.0,3,836,0,15.0,0,0,7.225,0,1,1,0,2,1,0,0,0
877,0.0,3,471,1,20.0,0,0,9.8458,2,1,1,0,3,2,0,0,0
878,0.0,3,956,1,19.0,0,0,7.8958,2,1,1,0,3,1,0,0,0
879,0.0,3,667,1,28.0,0,0,7.8958,2,1,1,0,3,1,0,0,0
880,1.0,1,972,0,56.0,0,1,83.1583,0,2,0,0,4,4,1,0,0
881,1.0,2,1073,0,25.0,0,1,26.0,2,2,0,0,4,3,1,0,0
882,0.0,3,754,1,33.0,0,0,7.8958,2,1,1,0,3,1,0,0,0
883,0.0,3,290,0,22.0,0,0,10.5167,2,1,1,0,2,2,0,0,0
884,0.0,2,88,1,28.0,0,0,10.5,2,1,1,0,3,2,0,0,0
885,0.0,3,1147,1,25.0,0,0,7.05,2,1,1,0,3,1,0,0,0
886,0.0,3,994,0,39.0,0,5,29.125,1,6,0,0,4,3,0,0,1
887,0.0,2,808,1,27.0,0,0,13.0,2,1,1,0,1,2,0,0,0
888,1.0,1,461,0,19.0,0,0,30.0,2,1,1,0,2,3,0,0,0
889,0.0,3,604,0,28.0,1,2,23.45,2,4,0,0,2,3,0,1,0
890,1.0,1,113,1,26.0,0,0,30.0,0,1,1,0,3,3,0,0,0
891,0.0,3,338,1,32.0,0,0,7.75,1,1,1,0,3,1,0,0,0
892,,3,635,1,34.5,0,0,7.8292,1,1,1,0,3,1,0,0,0
893,,3,1256,0,47.0,1,0,7.0,2,2,0,0,4,1,1,0,0
894,,2,834,1,62.0,0,0,9.6875,1,1,1,0,3,2,0,0,0
895,,3,1268,1,27.0,0,0,8.6625,2,1,1,0,3,2,0,0,0
896,,3,540,0,22.0,1,1,12.2875,2,3,0,0,4,2,0,1,0
897,,3,1150,1,14.0,0,0,9.225,2,1,1,0,3,2,0,0,0
898,,3,261,0,30.0,0,0,7.6292,1,1,1,0,2,1,0,0,0
899,,2,185,1,26.0,1,1,29.0,2,3,0,0,3,3,0,1,0
900,,3,9,0,18.0,0,0,7.2292,0,1,1,0,4,1,0,0,0
901,,3,308,1,21.0,2,0,24.15,2,3,0,0,3,3,0,1,0
902,,3,570,1,28.0,0,0,7.8958,2,1,1,0,3,1,0,0,0
903,,1,607,1,46.0,0,0,26.0,2,1,1,0,3,3,0,0,0
904,,1,1112,0,23.0,1,0,82.2667,2,2,0,0,4,4,1,0,0
905,,2,559,1,63.0,1,0,26.0,2,2,0,0,3,3,1,0,0
906,,1,220,0,47.0,1,0,61.175,2,2,0,0,4,4,1,0,0
907,,2,1292,0,24.0,1,0,27.7208,0,2,0,0,4,3,1,0,0
908,,2,630,1,35.0,0,0,12.35,1,1,1,0,3,2,0,0,0
909,,3,66,1,21.0,0,0,7.225,0,1,1,0,3,1,0,0,0
910,,3,571,0,27.0,1,0,7.925,2,2,0,0,2,2,1,0,0
911,,3,65,0,45.0,0,0,7.225,0,1,1,0,4,1,0,0,0
912,,1,1024,1,55.0,1,0,59.4,0,2,0,0,3,4,1,0,0
913,,3,889,1,9.0,0,1,3.1708,2,2,0,0,0,1,1,0,0
914,,1,385,0,28.0,0,0,31.6833,2,1,1,0,4,4,0,0,0
915,,1,1264,1,21.0,0,1,61.3792,0,2,0,0,3,4,1,0,0
916,,1,1036,0,48.0,1,3,262.375,0,5,0,0,4,4,0,0,1
917,,3,1008,1,50.0,1,0,14.5,2,2,0,0,3,2,1,0,0
918,,1,903,0,22.0,0,1,61.9792,0,2,0,0,2,4,1,0,0
919,,3,288,1,22.5,0,0,7.225,0,1,1,0,3,1,0,0,0
920,,1,151,1,41.0,0,0,30.5,2,1,1,0,3,3,0,0,0
921,,3,1053,1,28.0,2,0,21.6792,0,3,0,0,3,3,0,1,0
922,,2,722,1,50.0,1,0,26.0,2,2,0,0,3,3,1,0,0
923,,2,582,1,24.0,2,0,31.5,2,3,0,0,3,4,0,1,0
924,,3,318,0,33.0,1,2,20.575,2,4,0,0,4,3,0,1,0
925,,3,606,0,28.0,1,2,23.45,2,4,0,0,4,3,0,1,0
926,,1,804,1,30.0,1,0,57.75,0,2,0,0,3,4,1,0,0
927,,3,627,1,18.5,0,0,7.2292,0,1,1,0,3,1,0,0,0
928,,3,1022,0,28.0,0,0,8.05,2,1,1,0,2,2,0,0,0
929,,3,178,0,21.0,0,0,8.6625,2,1,1,0,2,2,0,0,0
930,,3,1059,1,25.0,0,0,9.5,2,1,1,0,3,2,0,0,0
931,,3,518,1,28.0,0,0,56.4958,2,1,1,0,3,4,0,0,0
932,,3,625,1,39.0,0,1,13.4167,0,2,0,0,3,2,1,0,0
933,,1,408,1,28.0,0,0,26.55,2,1,1,0,3,3,0,0,0
934,,3,449,1,41.0,0,0,7.85,2,1,1,0,3,1,0,0,0
935,,2,268,0,30.0,0,0,13.0,2,1,1,0,4,2,0,0,0
936,,1,647,0,45.0,1,0,52.5542,2,2,0,0,4,4,1,0,0
937,,3,941,1,25.0,0,0,7.925,2,1,1,0,3,2,0,0,0
938,,1,229,1,45.0,0,0,29.7,0,1,1,0,3,3,0,0,0
939,,3,1070,1,28.0,0,0,7.75,1,1,1,0,3,1,0,0,0
940,,1,169,0,60.0,0,0,76.2917,0,1,1,0,4,4,0,0,0
941,,3,275,0,36.0,0,2,15.9,2,3,0,0,4,3,0,1,0
942,,1,1106,1,24.0,1,0,60.0,2,2,0,0,3,4,1,0,0
943,,2,973,1,27.0,0,0,15.0333,0,1,1,0,3,3,0,0,0
944,,2,541,0,20.0,2,1,23.0,2,4,0,0,2,3,0,1,0
945,,1,401,0,28.0,3,2,263.0,2,6,0,0,2,4,0,0,1
946,,2,749,1,28.0,0,0,15.5792,0,1,1,0,3,3,0,0,0
947,,3,989,1,10.0,4,1,29.125,1,6,0,0,0,3,0,0,1
948,,3,265,1,35.0,0,0,7.8958,2,1,1,0,3,1,0,0,0
949,,3,5,1,25.0,0,0,7.65,2,1,1,0,3,1,0,0,0
950,,3,312,1,28.0,1,0,16.1,2,2,0,0,3,3,1,0,0
951,,1,227,0,36.0,0,0,262.375,0,1,1,0,2,4,0,0,0
952,,3,329,1,17.0,0,0,7.8958,2,1,1,0,3,1,0,0,0
953,,2,769,1,32.0,0,0,13.5,2,1,1,0,3,2,0,0,0
954,,3,128,1,18.0,0,0,7.75,2,1,1,0,3,1,0,0,0
955,,3,149,0,22.0,0,0,7.725,1,1,1,0,2,1,0,0,0
956,,1,1032,1,13.0,2,2,262.375,0,5,0,0,0,4,0,0,1
957,,2,269,0,28.0,0,0,21.0,2,1,1,0,4,3,0,0,0
958,,3,172,0,18.0,0,0,7.8792,1,1,1,0,2,1,0,0,0
959,,1,811,1,47.0,0,0,42.4,2,1,1,0,3,4,0,0,0
960,,1,1189,1,31.0,0,0,28.5375,0,1,1,0,3,3,0,0,0
961,,1,403,0,60.0,1,4,263.0,2,6,0,0,4,4,0,0,1
962,,3,828,0,24.0,0,0,7.75,1,1,1,0,2,1,0,0,0
963,,3,800,1,21.0,0,0,7.8958,2,1,1,0,3,1,0,0,0
964,,3,860,0,29.0,0,0,7.925,2,1,1,0,2,2,0,0,0
965,,1,906,1,28.5,0,0,27.7208,0,1,1,0,3,3,0,0,0
966,,1,429,0,35.0,0,0,211.5,0,1,1,0,2,4,0,0,0
967,,1,632,1,32.5,0,0,211.5,0,1,1,0,3,4,0,0,0
968,,3,793,1,28.0,0,0,8.05,2,1,1,0,3,2,0,0,0
969,,1,271,0,55.0,2,0,25.7,2,3,0,0,4,3,0,1,0
970,,2,16,1,30.0,0,0,13.0,2,1,1,0,3,2,0,0,0
971,,3,345,0,24.0,0,0,7.75,1,1,1,0,2,1,0,0,0
972,,3,137,1,6.0,1,1,15.2458,0,3,0,0,0,3,0,1,0
973,,1,1140,1,67.0,1,0,221.7792,2,2,0,0,3,4,1,0,0
974,,1,214,1,49.0,0,0,26.0,2,1,1,0,3,3,0,0,0
975,,3,320,1,28.0,0,0,7.8958,2,1,1,0,3,1,0,0,0
976,,2,670,1,28.0,0,0,10.7083,1,1,1,0,3,2,0,0,0
977,,3,641,1,28.0,1,0,14.4542,0,2,0,0,3,2,1,0,0
978,,3,94,0,27.0,0,0,7.8792,1,1,1,0,2,1,0,0,0
979,,3,82,0,18.0,0,0,8.05,2,1,1,0,2,2,0,0,0
980,,3,880,0,28.0,0,0,7.75,1,1,1,0,1,1,0,0,0
981,,2,1232,1,2.0,1,1,23.0,2,3,0,0,0,3,0,1,0
982,,3,359,0,22.0,1,0,13.9,2,2,0,0,4,2,1,0,0
983,,3,938,1,28.0,0,0,7.775,2,1,1,0,3,1,0,0,0
984,,1,303,0,27.0,1,2,52.0,2,4,0,0,4,4,0,1,0
985,,3,469,1,28.0,0,0,8.05,2,1,1,0,3,2,0,0,0
986,,1,124,1,25.0,0,0,26.0,0,1,1,0,3,3,0,0,0
987,,3,1160,1,25.0,0,0,7.7958,2,1,1,0,3,1,0,0,0
988,,1,217,0,76.0,1,0,78.85,2,2,0,0,4,4,1,0,0
989,,3,742,1,29.0,0,0,7.925,2,1,1,0,3,2,0,0,0
990,,3,152,0,20.0,0,0,7.8542,2,1,1,0,2,1,0,0,0
991,,3,840,1,33.0,0,0,8.05,2,1,1,0,3,2,0,0,0
992,,1,1131,0,43.0,1,0,55.4417,0,2,0,0,4,4,1,0,0
993,,2,1230,1,27.0,1,0,26.0,2,2,0,0,3,3,1,0,0
994,,3,392,1,28.0,0,0,7.75,1,1,1,0,3,1,0,0,0
995,,3,592,1,26.0,0,0,7.775,2,1,1,0,3,1,0,0,0
996,,3,1169,0,16.0,1,1,8.5167,0,3,0,0,4,2,0,1,0
997,,3,550,1,28.0,0,0,22.525,2,1,1,0,3,3,0,0,0
998,,3,168,1,21.0,0,0,7.8208,1,1,1,0,3,1,0,0,0
999,,3,1030,1,28.0,0,0,7.75,1,1,1,0,3,1,0,0,0
1000,,3,1258,1,28.0,0,0,8.7125,2,1,1,0,3,2,0,0,0
1001,,2,1152,1,18.5,0,0,13.0,2,1,1,0,3,2,0,0,0
1002,,2,1128,1,41.0,0,0,15.0458,0,1,1,0,3,3,0,0,0
1003,,3,1074,0,28.0,0,0,7.7792,1,1,1,0,2,1,0,0,0
1004,,1,375,0,36.0,0,0,31.6792,0,1,1,0,2,4,0,0,0
1005,,3,167,0,18.5,0,0,7.2833,1,1,1,0,2,1,0,0,0
1006,,1,1141,0,63.0,1,0,221.7792,2,2,0,0,4,4,1,0,0
1007,,3,237,1,18.0,1,0,14.4542,0,2,0,0,3,2,1,0,0
1008,,3,1167,1,28.0,0,0,6.4375,0,1,1,0,3,1,0,0,0
1009,,3,1056,0,1.0,1,1,16.7,2,3,0,0,2,3,0,1,0
1010,,1,103,1,36.0,0,0,75.2417,0,1,1,0,3,4,0,0,0
1011,,2,225,0,29.0,1,0,26.0,2,2,0,0,4,3,1,0,0
1012,,2,1225,0,12.0,0,0,15.75,2,1,1,0,2,3,0,0,0
1013,,3,643,1,28.0,1,0,7.75,1,2,0,0,3,1,1,0,0
1014,,1,1063,0,35.0,1,0,57.75,0,2,0,0,4,4,1,0,0
1015,,3,213,1,28.0,0,0,7.25,2,1,1,0,3,1,0,0,0
1016,,3,637,1,28.0,0,0,7.75,1,1,1,0,3,1,0,0,0
1017,,3,279,0,17.0,0,1,16.1,2,2,0,0,2,3,1,0,0
1018,,3,157,1,22.0,0,0,7.7958,2,1,1,0,3,1,0,0,0
1019,,3,767,0,28.0,2,0,23.25,1,3,0,0,2,3,0,1,0
1020,,2,146,1,42.0,0,0,13.0,2,1,1,0,3,2,0,0,0
1021,,3,954,1,24.0,0,0,8.05,2,1,1,0,3,2,0,0,0
1022,,3,1122,1,32.0,0,0,8.05,2,1,1,0,3,2,0,0,0
1023,,1,460,1,53.0,0,0,28.5,0,1,1,0,1,3,0,0,0
1024,,3,688,0,28.0,0,4,25.4667,2,5,0,0,4,3,0,0,1
1025,,3,1166,1,28.0,1,0,6.4375,0,2,0,0,3,1,1,0,0
1026,,3,331,1,43.0,0,0,7.8958,2,1,1,0,3,1,0,0,0
1027,,3,201,1,24.0,0,0,7.8542,2,1,1,0,3,1,0,0,0
1028,,3,1283,1,26.5,0,0,7.225,0,1,1,0,3,1,0,0,0
1029,,2,1064,1,26.0,0,0,13.0,2,1,1,0,3,2,0,0,0
1030,,3,346,0,23.0,0,0,8.05,2,1,1,0,2,2,0,0,0
1031,,3,458,1,40.0,1,6,46.9,2,8,0,0,3,4,0,0,1
1032,,3,455,0,10.0,5,2,46.9,2,8,0,0,2,4,0,0,1
1033,,1,299,0,33.0,0,0,151.55,2,1,1,0,2,4,0,0,0
1034,,1,1035,1,61.0,1,3,262.375,0,5,0,0,3,4,0,0,1
1035,,2,104,1,28.0,0,0,26.0,2,1,1,0,3,3,0,0,0
1036,,1,705,1,42.0,0,0,26.55,2,1,1,0,3,3,0,0,0
1037,,3,1205,1,31.0,3,0,18.0,2,4,0,0,3,3,0,1,0
1038,,1,534,1,28.0,0,0,51.8625,2,1,1,0,3,4,0,0,0
1039,,3,307,1,22.0,0,0,8.05,2,1,1,0,3,2,0,0,0
1040,,1,277,1,28.0,0,0,26.55,2,1,1,0,3,3,0,0,0
1041,,2,665,1,30.0,1,1,26.0,2,3,0,0,1,3,0,1,0
1042,,1,360,0,23.0,0,1,83.1583,0,2,0,0,4,4,1,0,0
1043,,3,758,1,28.0,0,0,7.8958,0,1,1,0,3,1,0,0,0
1044,,3,1136,1,60.5,0,0,14.4542,2,1,1,0,3,2,0,0,0
1045,,3,657,0,36.0,0,2,12.1833,2,3,0,0,4,2,0,1,0
1046,,3,60,1,13.0,4,2,31.3875,2,7,0,0,0,4,0,0,1
1047,,3,355,1,24.0,0,0,7.55,2,1,1,0,3,1,0,0,0
1048,,1,122,0,29.0,0,0,221.7792,2,1,1,0,2,4,0,0,0
1049,,3,727,0,23.0,0,0,7.8542,2,1,1,0,2,1,0,0,0
1050,,1,134,1,42.0,0,0,26.55,2,1,1,0,3,3,0,0,0
1051,,3,934,0,26.0,0,2,13.775,2,3,0,0,4,2,0,1,0
1052,,3,1110,0,28.0,0,0,7.7333,1,1,1,0,2,1,0,0,0
1053,,3,1183,1,7.0,1,1,15.2458,0,3,0,0,0,3,0,1,0
1054,,2,1272,0,26.0,0,0,13.5,2,1,1,0,2,2,0,0,0
1055,,3,935,1,28.0,0,0,7.0,2,1,1,0,3,1,0,0,0
1056,,2,949,1,41.0,0,0,13.0,2,1,1,0,1,2,0,0,0
1057,,3,652,0,26.0,1,1,22.025,2,3,0,0,4,3,0,1,0
1058,,1,153,1,48.0,0,0,50.4958,0,1,1,0,3,4,0,0,0
1059,,3,397,1,18.0,2,2,34.375,2,5,0,0,3,4,0,0,1
1060,,1,215,0,28.0,0,0,27.7208,0,1,1,0,4,3,0,0,0
1061,,3,522,0,22.0,0,0,8.9625,2,1,1,0,2,2,0,0,0
1062,,3,715,1,28.0,0,0,7.55,2,1,1,0,3,1,0,0,0
1063,,3,1284,1,27.0,0,0,7.225,0,1,1,0,3,1,0,0,0
1064,,3,358,1,23.0,1,0,13.9,2,2,0,0,3,2,1,0,0
1065,,3,1180,1,28.0,0,0,7.2292,0,1,1,0,3,1,0,0,0
1066,,3,62,1,40.0,1,5,31.3875,2,7,0,0,3,4,0,0,1
1067,,2,160,0,15.0,0,2,39.0,2,3,0,0,2,4,0,1,0
1068,,2,1083,0,20.0,0,0,36.75,2,1,1,0,2,4,0,0,0
1069,,1,1130,1,54.0,1,0,55.4417,0,2,0,0,3,4,1,0,0
1070,,2,109,0,36.0,0,3,39.0,2,4,0,0,4,4,0,1,0
1071,,1,258,0,64.0,0,2,83.1583,0,3,0,0,4,4,0,1,0
1072,,2,770,1,30.0,0,0,13.0,2,1,1,0,3,2,0,0,0
1073,,1,257,1,37.0,1,1,83.1583,0,3,0,0,3,4,0,1,0
1074,,1,756,0,18.0,1,0,53.1,2,2,0,0,4,4,1,0,0
1075,,3,672,1,28.0,0,0,7.75,1,1,1,0,3,1,0,0,0
1076,,1,341,0,27.0,1,1,247.5208,0,3,0,0,4,4,0,1,0
1077,,2,760,1,40.0,0,0,16.0,2,1,1,0,3,3,0,0,0
1078,,2,961,0,21.0,0,1,21.0,2,2,0,0,2,3,1,0,0
1079,,3,309,1,17.0,2,0,8.05,2,3,0,0,3,2,0,1,0
1080,,3,1045,0,28.0,8,2,69.55,2,11,0,0,2,4,0,0,1
1081,,2,1209,1,40.0,0,0,13.0,2,1,1,0,3,2,0,0,0
1082,,2,48,1,34.0,1,0,26.0,2,2,0,0,3,3,1,0,0
1083,,1,1051,1,28.0,0,0,26.0,2,1,1,0,3,3,0,0,0
1084,,3,1294,1,11.5,1,1,14.5,2,3,0,0,0,2,0,1,0
1085,,2,714,1,61.0,0,0,12.35,1,1,1,0,3,2,0,0,0
1086,,2,348,1,8.0,0,2,32.5,2,3,0,0,0,4,0,1,0
1087,,3,621,1,33.0,0,0,7.8542,2,1,1,0,3,1,0,0,0
1088,,1,1117,1,6.0,0,2,134.5,0,3,0,0,0,4,0,1,0
1089,,3,862,0,18.0,0,0,7.775,2,1,1,0,2,1,0,0,0
1090,,2,85,1,23.0,0,0,10.5,2,1,1,0,3,2,0,0,0
1091,,3,978,0,28.0,0,0,8.1125,2,1,1,0,4,2,0,0,0
1092,,3,832,0,28.0,0,0,15.5,1,1,1,0,2,3,0,0,0
1093,,3,295,1,0.33,0,2,14.4,2,3,0,0,0,2,0,1,0
1094,,1,68,1,47.0,1,0,227.525,0,2,0,0,1,4,1,0,0
1095,,2,975,0,8.0,1,1,26.0,2,3,0,0,2,3,0,1,0
1096,,2,44,1,25.0,0,0,10.5,2,1,1,0,3,2,0,0,0
1097,,1,897,1,28.0,0,0,25.7417,0,1,1,0,3,3,0,0,0
1098,,3,776,0,35.0,0,0,7.75,1,1,1,0,2,1,0,0,0
1099,,2,251,1,24.0,0,0,10.5,2,1,1,0,3,2,0,0,0
1100,,1,1019,0,33.0,0,0,27.7208,0,1,1,0,2,3,0,0,0
1101,,3,319,1,25.0,0,0,7.8958,2,1,1,0,3,1,0,0,0
1102,,3,28,1,32.0,0,0,22.525,2,1,1,0,3,3,0,0,0
1103,,3,383,1,28.0,0,0,7.05,2,1,1,0,3,1,0,0,0
1104,,2,314,1,17.0,0,0,73.5,2,1,1,0,3,4,0,0,0
1105,,2,560,0,60.0,1,0,26.0,2,2,0,0,4,3,1,0,0
1106,,3,35,0,38.0,4,2,7.775,2,7,0,0,2,1,0,0,1
1107,,1,515,1,42.0,0,0,42.5,2,1,1,0,3,4,0,0,0
1108,,3,738,0,28.0,0,0,7.8792,1,1,1,0,2,1,0,0,0
1109,,1,1247,1,57.0,1,1,164.8667,2,3,0,0,3,4,0,1,0
1110,,1,1252,0,50.0,1,1,211.5,0,3,0,0,4,4,0,1,0
1111,,3,1170,1,28.0,0,0,8.05,2,1,1,0,3,2,0,0,0
1112,,2,357,0,30.0,1,0,13.8583,0,2,0,0,2,2,1,0,0
1113,,3,987,1,21.0,0,0,8.05,2,1,1,0,3,2,0,0,0
1114,,2,264,0,22.0,0,0,10.5,2,1,1,0,4,2,0,0,0
1115,,3,620,1,21.0,0,0,7.7958,2,1,1,0,3,1,0,0,0
1116,,1,193,0,53.0,0,0,27.4458,0,1,1,0,4,3,0,0,0
1117,,3,823,0,28.0,0,2,15.2458,0,3,0,0,4,3,0,1,0
1118,,3,63,1,23.0,0,0,7.7958,2,1,1,0,3,1,0,0,0
1119,,3,781,0,28.0,0,0,7.75,1,1,1,0,2,1,0,0,0
1120,,3,376,1,40.5,0,0,15.1,2,1,1,0,3,3,0,0,0
1121,,2,543,1,36.0,0,0,13.0,2,1,1,0,3,2,0,0,0
1122,,2,1153,1,14.0,0,0,65.0,2,1,1,0,3,4,0,0,0
1123,,1,1257,0,21.0,0,0,26.55,2,1,1,0,2,3,0,0,0
1124,,3,1254,1,21.0,1,0,6.4958,2,2,0,0,3,1,1,0,0
1125,,3,710,1,28.0,0,0,7.8792,1,1,1,0,3,1,0,0,0
1126,,1,285,1,39.0,1,0,71.2833,0,2,0,0,3,4,1,0,0
1127,,3,1210,1,20.0,0,0,7.8542,2,1,1,0,3,1,0,0,0
1128,,1,1222,1,64.0,1,0,75.25,0,2,0,0,3,4,1,0,0
1129,,3,75,1,20.0,0,0,7.225,0,1,1,0,3,1,0,0,0
1130,,2,535,0,18.0,1,1,13.0,2,3,0,0,2,2,0,1,0
1131,,1,342,0,48.0,1,0,106.425,0,2,0,0,4,4,1,0,0
1132,,1,709,0,55.0,0,0,27.7208,0,1,1,0,4,3,0,0,0
1133,,2,235,0,45.0,0,2,30.0,2,3,0,0,4,3,0,1,0
1134,,1,1118,1,45.0,1,1,134.5,0,3,0,0,3,4,0,1,0
1135,,3,566,1,28.0,0,0,7.8875,2,1,1,0,3,1,0,0,0
1136,,3,603,1,28.0,1,2,23.45,2,4,0,0,0,3,0,1,0
1137,,1,639,1,41.0,1,0,51.8625,2,2,0,0,3,4,1,0,0
1138,,2,623,0,22.0,0,0,21.0,2,1,1,0,4,3,0,0,0
1139,,2,349,1,42.0,1,1,32.5,2,3,0,0,3,4,0,1,0
1140,,2,548,0,29.0,1,0,26.0,2,2,0,0,4,3,1,0,0
1141,,3,642,0,28.0,1,0,14.4542,0,2,0,0,4,2,1,0,0
1142,,2,1236,0,0.92,1,2,27.75,2,4,0,0,2,3,0,1,0
1143,,3,8,1,20.0,0,0,7.925,2,1,1,0,3,2,0,0,0
1144,,1,238,1,27.0,1,0,136.7792,0,2,0,0,3,4,1,0,0
1145,,3,1049,1,24.0,0,0,9.325,2,1,1,0,3,2,0,0,0
1146,,3,1235,1,32.5,0,0,9.5,2,1,1,0,3,2,0,0,0
1147,,3,731,1,28.0,0,0,7.55,2,1,1,0,3,1,0,0,0
1148,,3,739,1,28.0,0,0,7.75,1,1,1,0,3,1,0,0,0
1149,,3,861,1,28.0,0,0,8.05,2,1,1,0,3,2,0,0,0
1150,,2,115,0,19.0,0,0,13.0,2,1,1,0,2,2,0,0,0
1151,,3,792,1,21.0,0,0,7.775,2,1,1,0,3,1,0,0,0
1152,,3,1287,1,36.5,1,0,17.4,2,2,0,0,3,3,1,0,0
1153,,3,864,1,21.0,0,0,7.8542,2,1,1,0,3,1,0,0,0
1154,,2,1234,0,29.0,0,2,23.0,2,3,0,0,4,3,0,1,0
1155,,3,655,0,1.0,1,1,12.1833,2,3,0,0,2,2,0,1,0
1156,,2,970,1,30.0,0,0,12.7375,0,1,1,0,3,2,0,0,0
1157,,3,730,1,28.0,0,0,7.8958,2,1,1,0,3,1,0,0,0
1158,,1,232,1,28.0,0,0,0.0,2,1,1,1,3,1,0,0,0
1159,,3,1221,1,28.0,0,0,7.55,2,1,1,0,3,1,0,0,0
1160,,3,558,0,28.0,0,0,8.05,2,1,1,0,2,2,0,0,0
1161,,3,967,1,17.0,0,0,8.6625,2,1,1,0,3,2,0,0,0
1162,,1,762,1,46.0,0,0,75.2417,0,1,1,0,3,4,0,0,0
1163,,3,404,1,28.0,0,0,7.75,1,1,1,0,3,1,0,0,0
1164,,1,239,0,26.0,1,0,136.7792,0,2,0,0,4,4,1,0,0
1165,,3,694,0,28.0,1,0,15.5,1,2,0,0,2,3,1,0,0
1166,,3,1039,1,28.0,0,0,7.225,0,1,1,0,3,1,0,0,0
1167,,2,165,0,20.0,1,0,26.0,2,2,0,0,2,3,1,0,0
1168,,2,922,1,28.0,0,0,10.5,2,1,1,0,3,2,0,0,0
1169,,2,380,1,40.0,1,0,26.0,2,2,0,0,3,3,1,0,0
1170,,2,1218,1,30.0,1,0,21.0,2,2,0,0,3,3,1,0,0
1171,,2,907,1,22.0,0,0,10.5,2,1,1,0,3,2,0,0,0
1172,,3,898,0,23.0,0,0,8.6625,2,1,1,0,2,2,0,0,0
1173,,3,932,1,0.75,1,1,13.775,2,3,0,0,0,2,0,1,0
1174,,3,386,0,28.0,0,0,7.75,1,1,1,0,2,1,0,0,0
1175,,3,1184,0,9.0,1,1,15.2458,0,3,0,0,2,3,0,1,0
1176,,3,1016,0,2.0,1,1,20.2125,2,3,0,0,2,3,0,1,0
1177,,3,324,1,36.0,0,0,7.25,2,1,1,0,3,1,0,0,0
1178,,3,407,1,28.0,0,0,7.25,2,1,1,0,3,1,0,0,0
1179,,1,1111,1,24.0,1,0,82.2667,2,2,0,0,3,4,1,0,0
1180,,3,751,1,28.0,0,0,7.2292,0,1,1,0,3,1,0,0,0
1181,,3,396,1,28.0,0,0,8.05,2,1,1,0,3,2,0,0,0
1182,,1,988,1,28.0,0,0,39.6,2,1,1,0,3,4,0,0,0
1183,,3,292,0,30.0,0,0,6.95,1,1,1,0,2,1,0,0,0
1184,,3,842,1,28.0,0,0,7.2292,0,1,1,0,3,1,0,0,0
1185,,1,332,1,53.0,1,1,81.8583,2,3,0,0,1,4,0,1,0
1186,,3,1270,1,36.0,0,0,9.5,2,1,1,0,3,2,0,0,0
1187,,3,47,1,26.0,0,0,7.8958,2,1,1,0,3,1,0,0,0
1188,,2,674,0,1.0,1,2,41.5792,0,4,0,0,2,4,0,1,0
1189,,3,1054,1,28.0,2,0,21.6792,0,3,0,0,3,3,0,1,0
1190,,1,721,1,30.0,0,0,45.5,2,1,1,0,3,4,0,0,0
1191,,3,596,1,29.0,0,0,7.8542,2,1,1,0,3,1,0,0,0
1192,,3,895,1,32.0,0,0,7.775,2,1,1,0,3,1,0,0,0
1193,,2,743,1,28.0,0,0,15.0458,0,1,1,0,3,3,0,0,0
1194,,2,963,1,43.0,0,1,21.0,2,2,0,0,3,3,1,0,0
1195,,3,968,1,24.0,0,0,8.6625,2,1,1,0,3,2,0,0,0
1196,,3,763,0,28.0,0,0,7.75,1,1,1,0,2,1,0,0,0
1197,,1,283,0,64.0,1,1,26.55,2,3,0,0,4,3,0,1,0
1198,,1,25,1,30.0,1,2,151.55,2,4,0,0,3,4,0,1,0
1199,,3,13,1,0.83,0,1,9.35,2,2,0,0,0,2,1,0,0
1200,,1,513,1,55.0,1,1,93.5,2,3,0,0,3,4,0,1,0
1201,,3,489,0,45.0,1,0,14.1083,2,2,0,0,4,2,1,0,0
1202,,3,180,1,18.0,0,0,8.6625,2,1,1,0,3,2,0,0,0
1203,,3,1208,1,22.0,0,0,7.225,0,1,1,0,3,1,0,0,0
1204,,3,1042,1,28.0,0,0,7.575,2,1,1,0,3,1,0,0,0
1205,,3,204,0,37.0,0,0,7.75,1,1,1,0,2,1,0,0,0
1206,,1,1245,0,55.0,0,0,135.6333,0,1,1,0,4,4,0,0,0
1207,,3,476,0,17.0,0,0,7.7333,1,1,1,0,2,1,0,0,0
1208,,1,1120,1,57.0,1,0,146.5208,0,2,0,0,3,4,1,0,0
1209,,2,1011,1,19.0,0,0,10.5,2,1,1,0,3,2,0,0,0
1210,,3,610,1,27.0,0,0,7.8542,2,1,1,0,3,1,0,0,0
1211,,2,583,1,22.0,2,0,31.5,2,3,0,0,3,4,0,1,0
1212,,3,40,1,26.0,0,0,7.775,2,1,1,0,3,1,0,0,0
1213,,3,660,1,25.0,0,0,7.2292,0,1,1,0,3,1,0,0,0
1214,,2,851,1,26.0,0,0,13.0,2,1,1,0,3,2,0,0,0
1215,,1,1027,1,33.0,0,0,26.55,2,1,1,0,3,3,0,0,0
1216,,1,661,0,39.0,0,0,211.3375,2,1,1,0,2,4,0,0,0
1217,,3,67,1,23.0,0,0,7.05,2,1,1,0,3,1,0,0,0
1218,,2,108,0,12.0,2,1,39.0,2,4,0,0,2,4,0,1,0
1219,,1,1020,1,46.0,0,0,79.2,0,1,1,0,3,4,0,0,0
1220,,2,240,1,29.0,1,0,26.0,2,2,0,0,3,3,1,0,0
1221,,2,372,1,21.0,0,0,13.0,2,1,1,0,3,2,0,0,0
1222,,2,310,0,48.0,0,2,36.75,2,3,0,0,4,4,0,1,0
1223,,1,354,1,39.0,0,0,29.7,0,1,1,0,3,3,0,0,0
1224,,3,1168,1,28.0,0,0,7.225,0,1,1,0,3,1,0,0,0
1225,,3,839,0,19.0,1,1,15.7417,0,3,0,0,4,3,0,1,0
1226,,3,266,1,27.0,0,0,7.8958,2,1,1,0,3,1,0,0,0
1227,,1,737,1,30.0,0,0,26.0,2,1,1,0,3,3,0,0,0
1228,,2,1286,1,32.0,0,0,13.0,2,1,1,0,3,2,0,0,0
1229,,3,366,1,39.0,0,2,7.2292,0,3,0,0,3,1,0,1,0
1230,,2,321,1,25.0,0,0,31.5,2,1,1,0,3,4,0,0,0
1231,,3,118,1,28.0,0,0,7.2292,0,1,1,0,0,1,0,0,0
1232,,2,382,1,18.0,0,0,10.5,2,1,1,0,3,2,0,0,0
1233,,3,728,1,32.0,0,0,7.5792,2,1,1,0,3,1,0,0,0
1234,,3,1046,1,28.0,1,9,69.55,2,11,0,0,3,4,0,0,1
1235,,1,199,0,58.0,0,1,512.3292,0,2,0,0,4,4,1,0,0
1236,,3,1293,1,28.0,1,1,14.5,2,3,0,0,0,2,0,1,0
1237,,3,4,0,16.0,0,0,7.65,2,1,1,0,2,1,0,0,0
1238,,2,136,1,26.0,0,0,13.0,2,1,1,0,3,2,0,0,0
1239,,3,1240,0,38.0,0,0,7.2292,0,1,1,0,4,1,0,0,0
1240,,2,437,1,24.0,0,0,13.5,2,1,1,0,3,2,0,0,0
1241,,2,1214,0,31.0,0,0,21.0,2,1,1,0,2,3,0,0,0
1242,,1,467,0,45.0,0,1,63.3583,0,2,0,0,4,4,1,0,0
1243,,2,1134,1,25.0,0,0,10.5,2,1,1,0,3,2,0,0,0
1244,,2,326,1,18.0,0,0,73.5,2,1,1,0,3,4,0,0,0
1245,,2,528,1,49.0,1,2,65.0,2,4,0,0,3,4,0,1,0
1246,,3,316,0,0.17,1,2,20.575,2,4,0,0,2,3,0,1,0
1247,,1,611,1,50.0,0,0,26.0,2,1,1,0,3,3,0,0,0
1248,,1,163,0,59.0,2,0,51.4792,2,3,0,0,4,4,0,1,0
1249,,3,718,1,28.0,0,0,7.8792,2,1,1,0,3,1,0,0,0
1250,,3,883,1,28.0,0,0,7.75,1,1,1,0,3,1,0,0,0
1251,,3,707,0,30.0,1,0,15.55,2,2,0,0,4,3,1,0,0
1252,,3,1044,1,14.5,8,2,69.55,2,11,0,0,0,4,0,0,1
1253,,2,746,0,24.0,1,1,37.0042,0,3,0,0,4,4,0,1,0
1254,,2,1220,0,31.0,0,0,21.0,2,1,1,0,4,3,0,0,0
1255,,3,1142,1,27.0,0,0,8.6625,2,1,1,0,3,2,0,0,0
1256,,1,492,0,25.0,1,0,55.4417,0,2,0,0,4,4,1,0,0
1257,,3,1047,0,28.0,1,9,69.55,2,11,0,0,4,4,0,0,1
1258,,3,195,1,28.0,1,0,14.4583,0,2,0,0,3,2,1,0,0
1259,,3,1000,0,22.0,0,0,39.6875,2,1,1,0,2,4,0,0,0
1260,,1,432,0,45.0,0,1,59.4,0,2,0,0,4,4,1,0,0
1261,,2,910,1,29.0,0,0,13.8583,0,1,1,0,3,2,0,0,0
1262,,2,435,1,21.0,1,0,11.5,2,2,0,0,3,2,1,0,0
1263,,1,1266,0,31.0,0,0,134.5,0,1,1,0,2,4,0,0,0
1264,,1,574,1,49.0,0,0,0.0,2,1,1,1,3,1,0,0,0
1265,,2,490,1,44.0,0,0,13.0,2,1,1,0,3,2,0,0,0
1266,,1,334,0,54.0,1,1,81.8583,2,3,0,0,4,4,0,1,0
1267,,1,144,0,45.0,0,0,262.375,0,1,1,0,2,4,0,0,0
1268,,3,648,0,22.0,2,0,8.6625,2,3,0,0,2,2,0,1,0
1269,,2,272,1,21.0,0,0,11.5,2,1,1,0,3,2,0,0,0
1270,,1,536,1,55.0,0,0,50.0,2,1,1,0,3,4,0,0,0
1271,,3,57,1,5.0,4,2,31.3875,2,7,0,0,0,4,0,0,1
1272,,3,879,1,28.0,0,0,7.75,1,1,1,0,3,1,0,0,0
1273,,3,391,1,26.0,0,0,7.8792,1,1,1,0,3,1,0,0,0
1274,,3,1005,0,28.0,0,0,14.5,2,1,1,0,4,2,0,0,0
1275,,3,780,0,19.0,1,0,16.1,2,2,0,0,4,3,1,0,0
1276,,2,1242,1,28.0,0,0,12.875,2,1,1,0,3,2,0,0,0
1277,,2,527,0,24.0,1,2,65.0,2,4,0,0,2,4,0,1,0
1278,,3,53,1,24.0,0,0,7.775,2,1,1,0,3,1,0,0,0
1279,,2,55,1,57.0,0,0,13.0,2,1,1,0,3,2,0,0,0
1280,,3,192,1,21.0,0,0,7.75,1,1,1,0,3,1,0,0,0
1281,,3,912,1,6.0,3,1,21.075,2,5,0,0,0,3,0,0,1
1282,,1,931,1,23.0,0,0,93.5,2,1,1,0,3,4,0,0,0
1283,,1,712,0,51.0,0,1,39.4,2,2,0,0,4,4,1,0,0
1284,,3,1,1,13.0,0,2,20.25,2,3,0,0,0,3,0,1,0
1285,,2,434,1,47.0,0,0,10.5,2,1,1,0,3,2,0,0,0
1286,,3,651,1,29.0,3,1,22.025,2,5,0,0,3,3,0,0,1
1287,,1,1109,0,18.0,1,0,60.0,2,2,0,0,4,4,1,0,0
1288,,3,246,1,24.0,0,0,7.25,1,1,1,0,3,1,0,0,0
1289,,1,414,0,48.0,1,1,79.2,0,3,0,0,4,4,0,1,0
1290,,3,680,1,22.0,0,0,7.775,2,1,1,0,3,1,0,0,0
1291,,3,259,1,31.0,0,0,7.7333,1,1,1,0,3,1,0,0,0
1292,,1,132,0,30.0,0,0,164.8667,2,1,1,0,2,4,0,0,0
1293,,2,421,1,38.0,1,0,21.0,2,2,0,0,3,3,1,0,0
1294,,1,431,0,22.0,0,1,59.4,0,2,0,0,2,4,1,0,0
1295,,1,206,1,17.0,0,0,47.1,2,1,1,0,3,4,0,0,0
1296,,1,410,1,43.0,1,0,27.7208,0,2,0,0,3,3,1,0,0
1297,,2,869,1,20.0,0,0,13.8625,0,1,1,0,3,2,0,0,0
1298,,2,1219,1,23.0,1,0,10.5,2,2,0,0,3,2,1,0,0
1299,,1,1250,1,50.0,1,1,211.5,0,3,0,0,3,4,0,1,0
1300,,3,1003,0,28.0,0,0,7.7208,1,1,1,0,2,1,0,0,0
1301,,3,933,0,3.0,1,1,13.775,2,3,0,0,2,2,0,1,0
1302,,3,846,0,28.0,0,0,7.75,1,1,1,0,2,1,0,0,0
1303,,1,798,0,37.0,1,0,90.0,1,2,0,0,4,4,1,0,0
1304,,3,524,0,28.0,0,0,7.775,2,1,1,0,2,1,0,0,0
1305,,3,1116,1,28.0,0,0,8.05,2,1,1,0,3,2,0,0,0
1306,,1,888,0,39.0,0,0,108.9,0,1,1,0,1,4,0,0,0
1307,,3,1043,1,38.5,0,0,7.25,2,1,1,0,3,1,0,0,0
1308,,3,1217,1,28.0,0,0,8.05,2,1,1,0,3,2,0,0,0
1309,,3,950,1,28.0,1,1,22.3583,0,3,0,0,0,3,0,1,0
